insert into persons (id, about, birth_date, change_password_token, configuration_code, deleted_time, email, first_name, is_approved, is_blocked, is_deleted, last_name, last_online_time, message_permissions, notifications_session_id, online_status, password, phone, photo, reg_date, city, country, telegram_id, person_settings_id) values (1, 'Cum sociis natoque penatibus et magnis dis parturient montes, nascetur ridiculus mus.', '2023-01-01 00:00:00', 'zvnqcw466', '7', '2023-01-01 00:00:00', 'ipeggs0@amazon.co.uk', 'Itch', true, false, false, 'Peggs', '2023-01-01 00:00:00', 'sagittis', 'cum', 'semper', 'dj91iz', '920-301-9972', 'uy00zghkuwpvgdenzj', '2023-01-01 00:00:00', 'Halimaung Jaya (F-3)', 'Indonesia', 799, 816);
insert into persons (id, about, birth_date, change_password_token, configuration_code, deleted_time, email, first_name, is_approved, is_blocked, is_deleted, last_name, last_online_time, message_permissions, notifications_session_id, online_status, password, phone, photo, reg_date, city, country, telegram_id, person_settings_id) values (2, 'Nulla nisl.', '2023-01-01 00:00:00', 'qkzqsh411', '1335', '2023-01-01 00:00:00', 'njansema1@geocities.jp', 'Natala', false, false, false, 'Jansema', '2023-01-01 00:00:00', 'felis', 'felis', 'donec', 'iq82wd', '107-557-4967', 'mo82cnhfgzirkbeolr', '2023-01-01 00:00:00', 'Masaya', 'Nicaragua', 954, 276);
insert into persons (id, about, birth_date, change_password_token, configuration_code, deleted_time, email, first_name, is_approved, is_blocked, is_deleted, last_name, last_online_time, message_permissions, notifications_session_id, online_status, password, phone, photo, reg_date, city, country, telegram_id, person_settings_id) values (3, 'Maecenas tincidunt lacus at velit.', '2023-01-01 00:00:00', 'sarkxr438', '57', '2023-01-01 00:00:00', 'anuth2@php.net', 'Amber', true, true, true, 'Nuth', '2023-01-01 00:00:00', 'blandit', 'volutpat', 'et', 'zh90br', '511-384-9141', 'vz79szrzzbwypxenui', '2023-01-01 00:00:00', 'Manas', 'Russia', 272, 961);
insert into persons (id, about, birth_date, change_password_token, configuration_code, deleted_time, email, first_name, is_approved, is_blocked, is_deleted, last_name, last_online_time, message_permissions, notifications_session_id, online_status, password, phone, photo, reg_date, city, country, telegram_id, person_settings_id) values (4, 'Aliquam augue quam, sollicitudin vitae, consectetuer eget, rutrum at, lorem.', '2023-01-01 00:00:00', 'graatr974', '2', '2023-01-01 00:00:00', 'sbrooksbie3@1und1.de', 'Sigismund', true, true, true, 'Brooksbie', '2023-01-01 00:00:00', 'pretium', 'aliquam', 'fermentum', 'bt49hn', '620-281-3969', 'ht71wsannbhhpfgojl', '2023-01-01 00:00:00', 'Pamakayo', 'Indonesia', 220, 358);
insert into persons (id, about, birth_date, change_password_token, configuration_code, deleted_time, email, first_name, is_approved, is_blocked, is_deleted, last_name, last_online_time, message_permissions, notifications_session_id, online_status, password, phone, photo, reg_date, city, country, telegram_id, person_settings_id) values (5, 'Nam nulla.', '2023-01-01 00:00:00', 'yvujzt316', '4474', '2023-01-01 00:00:00', 'rdey4@ucsd.edu', 'Rosetta', true, true, false, 'Dey', '2023-01-01 00:00:00', 'malesuada', 'phasellus', 'tempor', 'ws96nb', '914-490-2947', 'js37sywyjckmnpogya', '2023-01-01 00:00:00', 'Zbrosławice', 'Poland', 14, 976);
insert into persons (id, about, birth_date, change_password_token, configuration_code, deleted_time, email, first_name, is_approved, is_blocked, is_deleted, last_name, last_online_time, message_permissions, notifications_session_id, online_status, password, phone, photo, reg_date, city, country, telegram_id, person_settings_id) values (6, 'Maecenas rhoncus aliquam lacus.', '2023-01-01 00:00:00', 'ssiozk055', '2988', '2023-01-01 00:00:00', 'bschinetti5@bbc.co.uk', 'Bellina', true, false, false, 'Schinetti', '2023-01-01 00:00:00', 'vestibulum', 'dictumst', 'sed', 'ms39ox', '679-112-2474', 'sd73kbkwedteobdqws', '2023-01-01 00:00:00', 'Montemor-o-Velho', 'Portugal', 248, 395);
insert into persons (id, about, birth_date, change_password_token, configuration_code, deleted_time, email, first_name, is_approved, is_blocked, is_deleted, last_name, last_online_time, message_permissions, notifications_session_id, online_status, password, phone, photo, reg_date, city, country, telegram_id, person_settings_id) values (7, 'Praesent blandit lacinia erat.', '2023-01-01 00:00:00', 'kumiwa224', '650', '2023-01-01 00:00:00', 'cskalls6@toplist.cz', 'Caldwell', true, false, false, 'Skalls', '2023-01-01 00:00:00', 'duis', 'non', 'non', 'oi75io', '698-911-5749', 'ac58musyqigpyapppd', '2023-01-01 00:00:00', 'Pili', 'Indonesia', 213, 392);
insert into persons (id, about, birth_date, change_password_token, configuration_code, deleted_time, email, first_name, is_approved, is_blocked, is_deleted, last_name, last_online_time, message_permissions, notifications_session_id, online_status, password, phone, photo, reg_date, city, country, telegram_id, person_settings_id) values (8, 'Vivamus vel nulla eget eros elementum pellentesque.', '2023-01-01 00:00:00', 'rcivfc702', '25', '2023-01-01 00:00:00', 'lwarby7@typepad.com', 'Lynnelle', true, false, false, 'Warby', '2023-01-01 00:00:00', 'aenean', 'natoque', 'nulla', 'lg34gy', '257-664-8898', 'jy79jdkivfvaxlcvdf', '2023-01-01 00:00:00', 'Monastir', 'Tunisia', 994, 356);
insert into persons (id, about, birth_date, change_password_token, configuration_code, deleted_time, email, first_name, is_approved, is_blocked, is_deleted, last_name, last_online_time, message_permissions, notifications_session_id, online_status, password, phone, photo, reg_date, city, country, telegram_id, person_settings_id) values (9, 'In hac habitasse platea dictumst.', '2023-01-01 00:00:00', 'xcyqru133', '7710', '2023-01-01 00:00:00', 'ajordon8@census.gov', 'Athene', false, false, true, 'Jordon', '2023-01-01 00:00:00', 'convallis', 'nunc', 'congue', 'qp56od', '426-900-5916', 'je94hnycdcpgkhhazv', '2023-01-01 00:00:00', 'Petrópolis', 'Brazil', 951, 603);
insert into persons (id, about, birth_date, change_password_token, configuration_code, deleted_time, email, first_name, is_approved, is_blocked, is_deleted, last_name, last_online_time, message_permissions, notifications_session_id, online_status, password, phone, photo, reg_date, city, country, telegram_id, person_settings_id) values (10, 'Morbi ut odio.', '2023-01-01 00:00:00', 'egmlvk298', '9862', '2023-01-01 00:00:00', 'jmungham9@mozilla.org', 'Jasun', false, false, true, 'Mungham', '2023-01-01 00:00:00', 'etiam', 'massa', 'nisi', 'tf41kl', '471-912-3967', 'rq57dgjqwoissjtymi', '2023-01-01 00:00:00', 'Balakasap', 'Indonesia', 606, 764);
insert into persons (id, about, birth_date, change_password_token, configuration_code, deleted_time, email, first_name, is_approved, is_blocked, is_deleted, last_name, last_online_time, message_permissions, notifications_session_id, online_status, password, phone, photo, reg_date, city, country, telegram_id, person_settings_id) values (11, 'Donec semper sapien a libero.', '2023-01-01 00:00:00', 'xpmdqy458', '3474', '2023-01-01 00:00:00', 'bboschera@usatoday.com', 'Barbey', false, false, false, 'Boscher', '2023-01-01 00:00:00', 'donec', 'turpis', 'nullam', 'mq17qn', '411-614-0082', 'tm87vaniiexrlxdzxv', '2023-01-01 00:00:00', 'São Bento', 'Brazil', 580, 387);
insert into persons (id, about, birth_date, change_password_token, configuration_code, deleted_time, email, first_name, is_approved, is_blocked, is_deleted, last_name, last_online_time, message_permissions, notifications_session_id, online_status, password, phone, photo, reg_date, city, country, telegram_id, person_settings_id) values (12, 'Aenean auctor gravida sem.', '2023-01-01 00:00:00', 'colqui657', '02', '2023-01-01 00:00:00', 'dtwohigb@multiply.com', 'D''arcy', true, false, false, 'Twohig', '2023-01-01 00:00:00', 'volutpat', 'vivamus', 'nulla', 'rd70nx', '629-254-3523', 'uy35stqgvvhjauswel', '2023-01-01 00:00:00', 'Mariestad', 'Sweden', 327, 680);
insert into persons (id, about, birth_date, change_password_token, configuration_code, deleted_time, email, first_name, is_approved, is_blocked, is_deleted, last_name, last_online_time, message_permissions, notifications_session_id, online_status, password, phone, photo, reg_date, city, country, telegram_id, person_settings_id) values (13, 'Aenean fermentum.', '2023-01-01 00:00:00', 'nxcaxh930', '77', '2023-01-01 00:00:00', 'fmandersc@berkeley.edu', 'Ford', false, true, false, 'Manders', '2023-01-01 00:00:00', 'in', 'non', 'lorem', 'rq84cq', '792-576-3716', 'to25rnuyndgeqzidca', '2023-01-01 00:00:00', 'Lingxi', 'China', 985, 480);
insert into persons (id, about, birth_date, change_password_token, configuration_code, deleted_time, email, first_name, is_approved, is_blocked, is_deleted, last_name, last_online_time, message_permissions, notifications_session_id, online_status, password, phone, photo, reg_date, city, country, telegram_id, person_settings_id) values (14, 'Quisque porta volutpat erat.', '2023-01-01 00:00:00', 'fqvvib490', '56', '2023-01-01 00:00:00', 'ghaberjamd@t.co', 'Garner', true, true, false, 'Haberjam', '2023-01-01 00:00:00', 'natoque', 'non', 'bibendum', 'im10mt', '819-519-2366', 'ul01envdczpldunchi', '2023-01-01 00:00:00', 'Granada', 'Colombia', 7, 462);
insert into persons (id, about, birth_date, change_password_token, configuration_code, deleted_time, email, first_name, is_approved, is_blocked, is_deleted, last_name, last_online_time, message_permissions, notifications_session_id, online_status, password, phone, photo, reg_date, city, country, telegram_id, person_settings_id) values (15, 'Nulla suscipit ligula in lacus.', '2023-01-01 00:00:00', 'zcxubh999', '9853', '2023-01-01 00:00:00', 'folline@ycombinator.com', 'Fey', true, false, true, 'Ollin', '2023-01-01 00:00:00', 'eget', 'enim', 'blandit', 'ir84tb', '270-566-7875', 'jw71ysiabzjnnsnxgh', '2023-01-01 00:00:00', 'Petropavlovsk', 'Kazakhstan', 586, 142);
insert into persons (id, about, birth_date, change_password_token, configuration_code, deleted_time, email, first_name, is_approved, is_blocked, is_deleted, last_name, last_online_time, message_permissions, notifications_session_id, online_status, password, phone, photo, reg_date, city, country, telegram_id, person_settings_id) values (16, 'Vestibulum ante ipsum primis in faucibus orci luctus et ultrices posuere cubilia Curae; Duis faucibus accumsan odio.', '2023-01-01 00:00:00', 'tsywjz751', '0', '2023-01-01 00:00:00', 'cmcsheef@yellowbook.com', 'Celka', false, false, false, 'McShee', '2023-01-01 00:00:00', 'eleifend', 'enim', 'proin', 'ak40dx', '961-787-3120', 'zk49occkbafkpknnuw', '2023-01-01 00:00:00', 'Zhen’an', 'China', 12, 776);
insert into persons (id, about, birth_date, change_password_token, configuration_code, deleted_time, email, first_name, is_approved, is_blocked, is_deleted, last_name, last_online_time, message_permissions, notifications_session_id, online_status, password, phone, photo, reg_date, city, country, telegram_id, person_settings_id) values (17, 'Phasellus in felis.', '2023-01-01 00:00:00', 'lmeopo019', '083', '2023-01-01 00:00:00', 'gskeag@sun.com', 'Guthry', false, true, false, 'Skea', '2023-01-01 00:00:00', 'in', 'aliquam', 'purus', 'wv00sd', '989-334-9143', 'qr03qecqkwnlkmfqkv', '2023-01-01 00:00:00', 'Viljakkala', 'Finland', 455, 553);
insert into persons (id, about, birth_date, change_password_token, configuration_code, deleted_time, email, first_name, is_approved, is_blocked, is_deleted, last_name, last_online_time, message_permissions, notifications_session_id, online_status, password, phone, photo, reg_date, city, country, telegram_id, person_settings_id) values (18, 'Sed sagittis.', '2023-01-01 00:00:00', 'mqhzub911', '921', '2023-01-01 00:00:00', 'ekuschah@liveinternet.ru', 'Erika', true, false, false, 'Kuscha', '2023-01-01 00:00:00', 'in', 'ligula', 'curae', 'th87cl', '970-854-4724', 'cs08oixaczomjumlcw', '2023-01-01 00:00:00', 'Skála', 'Greece', 200, 954);
insert into persons (id, about, birth_date, change_password_token, configuration_code, deleted_time, email, first_name, is_approved, is_blocked, is_deleted, last_name, last_online_time, message_permissions, notifications_session_id, online_status, password, phone, photo, reg_date, city, country, telegram_id, person_settings_id) values (19, 'Aenean auctor gravida sem.', '2023-01-01 00:00:00', 'gawees379', '64051', '2023-01-01 00:00:00', 'sgermainei@unicef.org', 'Stewart', false, false, false, 'Germaine', '2023-01-01 00:00:00', 'fermentum', 'accumsan', 'porttitor', 'ce00zq', '582-176-7770', 'li80ggejawlzxqupez', '2023-01-01 00:00:00', 'Pamedilan', 'Indonesia', 354, 513);
insert into persons (id, about, birth_date, change_password_token, configuration_code, deleted_time, email, first_name, is_approved, is_blocked, is_deleted, last_name, last_online_time, message_permissions, notifications_session_id, online_status, password, phone, photo, reg_date, city, country, telegram_id, person_settings_id) values (20, 'Suspendisse potenti.', '2023-01-01 00:00:00', 'lesjka027', '20594', '2023-01-01 00:00:00', 'lmethingamj@g.co', 'Levi', false, false, true, 'Methingam', '2023-01-01 00:00:00', 'lectus', 'in', 'parturient', 'bh82dk', '649-116-5638', 'qs06mmrzwecfizrszp', '2023-01-01 00:00:00', 'Turpay', 'Peru', 124, 19);
insert into persons (id, about, birth_date, change_password_token, configuration_code, deleted_time, email, first_name, is_approved, is_blocked, is_deleted, last_name, last_online_time, message_permissions, notifications_session_id, online_status, password, phone, photo, reg_date, city, country, telegram_id, person_settings_id) values (21, 'Ut at dolor quis odio consequat varius.', '2023-01-01 00:00:00', 'rffryl338', '2967', '2023-01-01 00:00:00', 'rmurrisonk@google.cn', 'Rockey', true, false, true, 'Murrison', '2023-01-01 00:00:00', 'consectetuer', 'diam', 'est', 'fg61be', '349-242-4896', 'in15zegyskvniuhosp', '2023-01-01 00:00:00', 'Nanniu', 'China', 992, 748);
insert into persons (id, about, birth_date, change_password_token, configuration_code, deleted_time, email, first_name, is_approved, is_blocked, is_deleted, last_name, last_online_time, message_permissions, notifications_session_id, online_status, password, phone, photo, reg_date, city, country, telegram_id, person_settings_id) values (22, 'Vestibulum ante ipsum primis in faucibus orci luctus et ultrices posuere cubilia Curae; Donec pharetra, magna vestibulum aliquet ultrices, erat tortor sollicitudin mi, sit amet lobortis sapien sapien non mi.', '2023-01-01 00:00:00', 'fgqnnk002', '02301', '2023-01-01 00:00:00', 'ofairlawl@youku.com', 'Ody', false, true, false, 'Fairlaw', '2023-01-01 00:00:00', 'et', 'justo', 'cursus', 'gy43oj', '963-134-5423', 'sd10zrnbrvxkrhofns', '2023-01-01 00:00:00', 'Sanzhou', 'China', 986, 219);
insert into persons (id, about, birth_date, change_password_token, configuration_code, deleted_time, email, first_name, is_approved, is_blocked, is_deleted, last_name, last_online_time, message_permissions, notifications_session_id, online_status, password, phone, photo, reg_date, city, country, telegram_id, person_settings_id) values (23, 'Pellentesque at nulla.', '2023-01-01 00:00:00', 'whsimd158', '25', '2023-01-01 00:00:00', 'pcraykem@last.fm', 'Paulo', false, true, false, 'Crayke', '2023-01-01 00:00:00', 'magna', 'pellentesque', 'posuere', 'du11fo', '548-110-1262', 'dh25rzmguhspwqbktf', '2023-01-01 00:00:00', 'Seroa', 'Portugal', 968, 670);
insert into persons (id, about, birth_date, change_password_token, configuration_code, deleted_time, email, first_name, is_approved, is_blocked, is_deleted, last_name, last_online_time, message_permissions, notifications_session_id, online_status, password, phone, photo, reg_date, city, country, telegram_id, person_settings_id) values (24, 'In congue.', '2023-01-01 00:00:00', 'dfqdti862', '3380', '2023-01-01 00:00:00', 'dpeschetn@surveymonkey.com', 'Denis', false, false, true, 'Peschet', '2023-01-01 00:00:00', 'tincidunt', 'nisi', 'est', 'xy29sa', '212-457-1449', 'ra01rtbsutsukshspw', '2023-01-01 00:00:00', 'Kalengwa', 'Zambia', 342, 565);
insert into persons (id, about, birth_date, change_password_token, configuration_code, deleted_time, email, first_name, is_approved, is_blocked, is_deleted, last_name, last_online_time, message_permissions, notifications_session_id, online_status, password, phone, photo, reg_date, city, country, telegram_id, person_settings_id) values (25, 'Nam dui.', '2023-01-01 00:00:00', 'cwtotn502', '10', '2023-01-01 00:00:00', 'pseacrofto@acquirethisname.com', 'Pat', true, true, true, 'Seacroft', '2023-01-01 00:00:00', 'odio', 'rhoncus', 'vulputate', 'ma50nd', '986-117-0747', 'ls00dtaterzfxwelnv', '2023-01-01 00:00:00', 'Muesanaik', 'Indonesia', 211, 319);
insert into persons (id, about, birth_date, change_password_token, configuration_code, deleted_time, email, first_name, is_approved, is_blocked, is_deleted, last_name, last_online_time, message_permissions, notifications_session_id, online_status, password, phone, photo, reg_date, city, country, telegram_id, person_settings_id) values (26, 'Quisque erat eros, viverra eget, congue eget, semper rutrum, nulla.', '2023-01-01 00:00:00', 'vtanwu525', '8', '2023-01-01 00:00:00', 'bskrinesp@hhs.gov', 'Beau', true, true, false, 'Skrines', '2023-01-01 00:00:00', 'neque', 'vestibulum', 'morbi', 'ke11ko', '186-983-8583', 'hf01wzbxngiamndoxv', '2023-01-01 00:00:00', 'Margen', 'Philippines', 286, 622);
insert into persons (id, about, birth_date, change_password_token, configuration_code, deleted_time, email, first_name, is_approved, is_blocked, is_deleted, last_name, last_online_time, message_permissions, notifications_session_id, online_status, password, phone, photo, reg_date, city, country, telegram_id, person_settings_id) values (27, 'Morbi quis tortor id nulla ultrices aliquet.', '2023-01-01 00:00:00', 'wwdozx388', '7', '2023-01-01 00:00:00', 'dminesq@nasa.gov', 'Dannel', false, false, false, 'Mines', '2023-01-01 00:00:00', 'donec', 'nam', 'aliquet', 'fw09xe', '214-874-9805', 'vg98pfrjbdatsyhojw', '2023-01-01 00:00:00', 'Promna', 'Poland', 128, 90);
insert into persons (id, about, birth_date, change_password_token, configuration_code, deleted_time, email, first_name, is_approved, is_blocked, is_deleted, last_name, last_online_time, message_permissions, notifications_session_id, online_status, password, phone, photo, reg_date, city, country, telegram_id, person_settings_id) values (28, 'Pellentesque at nulla.', '2023-01-01 00:00:00', 'ndxtfz830', '7847', '2023-01-01 00:00:00', 'cbalshawr@printfriendly.com', 'Colly', false, false, true, 'Balshaw', '2023-01-01 00:00:00', 'in', 'quis', 'ante', 'gp09tt', '846-647-3653', 'ba65gzyhndjcqobypx', '2023-01-01 00:00:00', 'Pélla', 'Greece', 180, 178);
insert into persons (id, about, birth_date, change_password_token, configuration_code, deleted_time, email, first_name, is_approved, is_blocked, is_deleted, last_name, last_online_time, message_permissions, notifications_session_id, online_status, password, phone, photo, reg_date, city, country, telegram_id, person_settings_id) values (29, 'Etiam pretium iaculis justo.', '2023-01-01 00:00:00', 'neinny865', '49', '2023-01-01 00:00:00', 'hfearnehoughs@dell.com', 'Hodge', false, false, true, 'Fearnehough', '2023-01-01 00:00:00', 'massa', 'ligula', 'fringilla', 'lw39ug', '152-284-0582', 'zu70kkveogtsuhwllm', '2023-01-01 00:00:00', 'Ibaraki', 'Japan', 312, 28);
insert into persons (id, about, birth_date, change_password_token, configuration_code, deleted_time, email, first_name, is_approved, is_blocked, is_deleted, last_name, last_online_time, message_permissions, notifications_session_id, online_status, password, phone, photo, reg_date, city, country, telegram_id, person_settings_id) values (30, 'In quis justo.', '2023-01-01 00:00:00', 'vdvjns435', '51', '2023-01-01 00:00:00', 'roverburyt@skype.com', 'Raf', true, true, false, 'Overbury', '2023-01-01 00:00:00', 'sodales', 'aliquet', 'in', 'ox54su', '407-766-9041', 'tk64zbsieewqadxnll', '2023-01-01 00:00:00', 'Maha Sarakham', 'Thailand', 536, 689);
insert into persons (id, about, birth_date, change_password_token, configuration_code, deleted_time, email, first_name, is_approved, is_blocked, is_deleted, last_name, last_online_time, message_permissions, notifications_session_id, online_status, password, phone, photo, reg_date, city, country, telegram_id, person_settings_id) values (31, 'Maecenas rhoncus aliquam lacus.', '2023-01-01 00:00:00', 'xvxhst021', '611', '2023-01-01 00:00:00', 'jlutasu@google.com.au', 'Jeanne', true, true, false, 'Lutas', '2023-01-01 00:00:00', 'platea', 'nibh', 'ultrices', 'je77oz', '952-122-8767', 'en50nzkenxfcrrrjrp', '2023-01-01 00:00:00', 'Shouxihu', 'China', 511, 597);
insert into persons (id, about, birth_date, change_password_token, configuration_code, deleted_time, email, first_name, is_approved, is_blocked, is_deleted, last_name, last_online_time, message_permissions, notifications_session_id, online_status, password, phone, photo, reg_date, city, country, telegram_id, person_settings_id) values (32, 'Aliquam erat volutpat.', '2023-01-01 00:00:00', 'yljxtu258', '0', '2023-01-01 00:00:00', 'tquadriv@wikipedia.org', 'Truda', false, true, true, 'Quadri', '2023-01-01 00:00:00', 'in', 'est', 'mauris', 'ry20ww', '561-293-5571', 'tf17pbbfkdpmipnxjn', '2023-01-01 00:00:00', 'Nierumai', 'China', 77, 584);
insert into persons (id, about, birth_date, change_password_token, configuration_code, deleted_time, email, first_name, is_approved, is_blocked, is_deleted, last_name, last_online_time, message_permissions, notifications_session_id, online_status, password, phone, photo, reg_date, city, country, telegram_id, person_settings_id) values (33, 'Praesent id massa id nisl venenatis lacinia.', '2023-01-01 00:00:00', 'cunhwl577', '440', '2023-01-01 00:00:00', 'yahlinw@parallels.com', 'Yancey', true, false, false, 'Ahlin', '2023-01-01 00:00:00', 'quis', 'tempor', 'suspendisse', 'pm61qk', '278-625-3109', 'ik95wiyjnkjhxgeyzw', '2023-01-01 00:00:00', 'Regueiro', 'Portugal', 45, 919);
insert into persons (id, about, birth_date, change_password_token, configuration_code, deleted_time, email, first_name, is_approved, is_blocked, is_deleted, last_name, last_online_time, message_permissions, notifications_session_id, online_status, password, phone, photo, reg_date, city, country, telegram_id, person_settings_id) values (34, 'Aenean fermentum.', '2023-01-01 00:00:00', 'nudoqj534', '04', '2023-01-01 00:00:00', 'hbrazx@reference.com', 'Hendrik', false, false, true, 'Braz', '2023-01-01 00:00:00', 'enim', 'quam', 'consequat', 'hz18ui', '432-744-0613', 'kb32slfrhhfxudigwt', '2023-01-01 00:00:00', 'Midland', 'United States', 785, 189);
insert into persons (id, about, birth_date, change_password_token, configuration_code, deleted_time, email, first_name, is_approved, is_blocked, is_deleted, last_name, last_online_time, message_permissions, notifications_session_id, online_status, password, phone, photo, reg_date, city, country, telegram_id, person_settings_id) values (35, 'Duis ac nibh.', '2023-01-01 00:00:00', 'rqkyzq222', '457', '2023-01-01 00:00:00', 'keroniey@eepurl.com', 'Khalil', false, false, false, 'Eronie', '2023-01-01 00:00:00', 'sed', 'lorem', 'suspendisse', 'mn49tt', '911-551-1074', 'wi88tfyuhzozmclvsi', '2023-01-01 00:00:00', 'Tahe', 'China', 84, 485);
insert into persons (id, about, birth_date, change_password_token, configuration_code, deleted_time, email, first_name, is_approved, is_blocked, is_deleted, last_name, last_online_time, message_permissions, notifications_session_id, online_status, password, phone, photo, reg_date, city, country, telegram_id, person_settings_id) values (36, 'Integer aliquet, massa id lobortis convallis, tortor risus dapibus augue, vel accumsan tellus nisi eu orci.', '2023-01-01 00:00:00', 'xemdvl955', '15793', '2023-01-01 00:00:00', 'adebenhamz@blogspot.com', 'Arlee', false, false, false, 'Debenham', '2023-01-01 00:00:00', 'sit', 'aenean', 'id', 'wx67gk', '477-619-1632', 'zo53ymwnhgasoieuip', '2023-01-01 00:00:00', 'Priargunsk', 'Russia', 836, 924);
insert into persons (id, about, birth_date, change_password_token, configuration_code, deleted_time, email, first_name, is_approved, is_blocked, is_deleted, last_name, last_online_time, message_permissions, notifications_session_id, online_status, password, phone, photo, reg_date, city, country, telegram_id, person_settings_id) values (37, 'Nunc rhoncus dui vel sem.', '2023-01-01 00:00:00', 'hppcjb116', '44', '2023-01-01 00:00:00', 'lwindress10@newsvine.com', 'Lethia', false, false, false, 'Windress', '2023-01-01 00:00:00', 'vel', 'nec', 'odio', 'fu51al', '554-453-2880', 'kh52pvdstpqurxynoa', '2023-01-01 00:00:00', 'Sztum', 'Poland', 513, 257);
insert into persons (id, about, birth_date, change_password_token, configuration_code, deleted_time, email, first_name, is_approved, is_blocked, is_deleted, last_name, last_online_time, message_permissions, notifications_session_id, online_status, password, phone, photo, reg_date, city, country, telegram_id, person_settings_id) values (38, 'Integer a nibh.', '2023-01-01 00:00:00', 'ntktzt799', '7882', '2023-01-01 00:00:00', 'bsaylor11@toplist.cz', 'Bordy', true, false, true, 'Saylor', '2023-01-01 00:00:00', 'pharetra', 'nisl', 'vel', 'yb89dv', '953-318-3519', 'nt64kylutpeiztjspl', '2023-01-01 00:00:00', 'San Juan', 'Puerto Rico', 956, 5);
insert into persons (id, about, birth_date, change_password_token, configuration_code, deleted_time, email, first_name, is_approved, is_blocked, is_deleted, last_name, last_online_time, message_permissions, notifications_session_id, online_status, password, phone, photo, reg_date, city, country, telegram_id, person_settings_id) values (39, 'Suspendisse accumsan tortor quis turpis.', '2023-01-01 00:00:00', 'mtulgb246', '97443', '2023-01-01 00:00:00', 'aradnedge12@gnu.org', 'Ashla', false, false, false, 'Radnedge', '2023-01-01 00:00:00', 'pede', 'nulla', 'ultrices', 'wb23zk', '202-867-9340', 'rd88somlatcgyfqtsq', '2023-01-01 00:00:00', 'Washington', 'United States', 298, 552);
insert into persons (id, about, birth_date, change_password_token, configuration_code, deleted_time, email, first_name, is_approved, is_blocked, is_deleted, last_name, last_online_time, message_permissions, notifications_session_id, online_status, password, phone, photo, reg_date, city, country, telegram_id, person_settings_id) values (40, 'Suspendisse accumsan tortor quis turpis.', '2023-01-01 00:00:00', 'yfwfgs591', '45', '2023-01-01 00:00:00', 'jhansana13@biglobe.ne.jp', 'Jereme', true, true, true, 'Hansana', '2023-01-01 00:00:00', 'aliquam', 'id', 'nam', 'fe30dn', '443-527-2474', 'us09uncozosxhayqfh', '2023-01-01 00:00:00', 'Hvozdná', 'Czech Republic', 930, 266);
insert into persons (id, about, birth_date, change_password_token, configuration_code, deleted_time, email, first_name, is_approved, is_blocked, is_deleted, last_name, last_online_time, message_permissions, notifications_session_id, online_status, password, phone, photo, reg_date, city, country, telegram_id, person_settings_id) values (41, 'Vivamus metus arcu, adipiscing molestie, hendrerit at, vulputate vitae, nisl.', '2023-01-01 00:00:00', 'xlvens257', '0', '2023-01-01 00:00:00', 'cmacconchie14@youtu.be', 'Cynthia', false, true, true, 'MacConchie', '2023-01-01 00:00:00', 'fermentum', 'morbi', 'molestie', 'gp49di', '116-500-6297', 'ad57nxstkfjacybbtn', '2023-01-01 00:00:00', 'Linxi', 'China', 461, 894);
insert into persons (id, about, birth_date, change_password_token, configuration_code, deleted_time, email, first_name, is_approved, is_blocked, is_deleted, last_name, last_online_time, message_permissions, notifications_session_id, online_status, password, phone, photo, reg_date, city, country, telegram_id, person_settings_id) values (42, 'Sed sagittis.', '2023-01-01 00:00:00', 'xdrtsf364', '7072', '2023-01-01 00:00:00', 'nkyndred15@bandcamp.com', 'Neille', false, true, false, 'Kyndred', '2023-01-01 00:00:00', 'nec', 'parturient', 'vivamus', 'pv24eg', '144-426-1556', 'bc56isfdlobhsjzkxy', '2023-01-01 00:00:00', 'Krasnyy Oktyabr’', 'Russia', 235, 168);
insert into persons (id, about, birth_date, change_password_token, configuration_code, deleted_time, email, first_name, is_approved, is_blocked, is_deleted, last_name, last_online_time, message_permissions, notifications_session_id, online_status, password, phone, photo, reg_date, city, country, telegram_id, person_settings_id) values (43, 'Nulla justo.', '2023-01-01 00:00:00', 'uggkwj043', '7858', '2023-01-01 00:00:00', 'chagstone16@google.es', 'Cammy', false, true, false, 'Hagstone', '2023-01-01 00:00:00', 'quam', 'ultrices', 'morbi', 'qd74zx', '451-985-1127', 'rs89tckqorysapaapa', '2023-01-01 00:00:00', 'Sagay', 'Philippines', 86, 351);
insert into persons (id, about, birth_date, change_password_token, configuration_code, deleted_time, email, first_name, is_approved, is_blocked, is_deleted, last_name, last_online_time, message_permissions, notifications_session_id, online_status, password, phone, photo, reg_date, city, country, telegram_id, person_settings_id) values (44, 'In hac habitasse platea dictumst.', '2023-01-01 00:00:00', 'zodoim844', '9959', '2023-01-01 00:00:00', 'cbinge17@biglobe.ne.jp', 'Cori', true, true, true, 'Binge', '2023-01-01 00:00:00', 'eros', 'molestie', 'et', 'ye80zl', '256-896-5594', 'qy63idxsqhwqjjbssu', '2023-01-01 00:00:00', 'Esparza', 'Costa Rica', 130, 431);
insert into persons (id, about, birth_date, change_password_token, configuration_code, deleted_time, email, first_name, is_approved, is_blocked, is_deleted, last_name, last_online_time, message_permissions, notifications_session_id, online_status, password, phone, photo, reg_date, city, country, telegram_id, person_settings_id) values (45, 'Integer tincidunt ante vel ipsum.', '2023-01-01 00:00:00', 'ttwdoq283', '37239', '2023-01-01 00:00:00', 'rduddle18@meetup.com', 'Rene', true, false, true, 'Duddle', '2023-01-01 00:00:00', 'nulla', 'vel', 'fusce', 'xn99jt', '732-558-8351', 'ol99goszxbfryqcmut', '2023-01-01 00:00:00', 'Dacudao', 'Philippines', 413, 560);
insert into persons (id, about, birth_date, change_password_token, configuration_code, deleted_time, email, first_name, is_approved, is_blocked, is_deleted, last_name, last_online_time, message_permissions, notifications_session_id, online_status, password, phone, photo, reg_date, city, country, telegram_id, person_settings_id) values (46, 'Praesent blandit lacinia erat.', '2023-01-01 00:00:00', 'sozmpa778', '42131', '2023-01-01 00:00:00', 'lcossam19@godaddy.com', 'Lisle', true, false, false, 'Cossam', '2023-01-01 00:00:00', 'sed', 'integer', 'enim', 'om87ku', '762-106-1497', 'zp67vqanuorncomhxr', '2023-01-01 00:00:00', 'Baiyushan', 'China', 564, 492);
insert into persons (id, about, birth_date, change_password_token, configuration_code, deleted_time, email, first_name, is_approved, is_blocked, is_deleted, last_name, last_online_time, message_permissions, notifications_session_id, online_status, password, phone, photo, reg_date, city, country, telegram_id, person_settings_id) values (47, 'Nulla suscipit ligula in lacus.', '2023-01-01 00:00:00', 'tznwrz398', '28749', '2023-01-01 00:00:00', 'dpelfer1a@blog.com', 'Daveta', false, false, false, 'Pelfer', '2023-01-01 00:00:00', 'in', 'amet', 'quam', 'pf08gy', '900-430-9193', 'pf42qevlzbonpfoxhx', '2023-01-01 00:00:00', 'Lidingö', 'Sweden', 243, 118);
insert into persons (id, about, birth_date, change_password_token, configuration_code, deleted_time, email, first_name, is_approved, is_blocked, is_deleted, last_name, last_online_time, message_permissions, notifications_session_id, online_status, password, phone, photo, reg_date, city, country, telegram_id, person_settings_id) values (48, 'Nam dui.', '2023-01-01 00:00:00', 'txsyue507', '34336', '2023-01-01 00:00:00', 'tkippling1b@privacy.gov.au', 'Tanitansy', true, true, false, 'Kippling', '2023-01-01 00:00:00', 'libero', 'ligula', 'sem', 'gj25mm', '568-273-5642', 'cd50djcinztiyzxsid', '2023-01-01 00:00:00', 'Boudinar', 'Morocco', 989, 869);
insert into persons (id, about, birth_date, change_password_token, configuration_code, deleted_time, email, first_name, is_approved, is_blocked, is_deleted, last_name, last_online_time, message_permissions, notifications_session_id, online_status, password, phone, photo, reg_date, city, country, telegram_id, person_settings_id) values (49, 'Cum sociis natoque penatibus et magnis dis parturient montes, nascetur ridiculus mus.', '2023-01-01 00:00:00', 'zzeahi259', '9177', '2023-01-01 00:00:00', 'gmackeague1c@wiley.com', 'Gabie', false, false, true, 'MacKeague', '2023-01-01 00:00:00', 'congue', 'quis', 'enim', 'ah18bn', '227-664-6332', 'ev05sayhiplklvedrs', '2023-01-01 00:00:00', 'Shupenzë', 'Albania', 66, 300);
insert into persons (id, about, birth_date, change_password_token, configuration_code, deleted_time, email, first_name, is_approved, is_blocked, is_deleted, last_name, last_online_time, message_permissions, notifications_session_id, online_status, password, phone, photo, reg_date, city, country, telegram_id, person_settings_id) values (50, 'Maecenas ut massa quis augue luctus tincidunt.', '2023-01-01 00:00:00', 'gbgamm105', '97', '2023-01-01 00:00:00', 'hhan1d@naver.com', 'Henrietta', true, false, true, 'Han', '2023-01-01 00:00:00', 'convallis', 'faucibus', 'sem', 'lq87su', '619-662-5502', 'wh47fagskskxcoelju', '2023-01-01 00:00:00', 'Kallífytos', 'Greece', 665, 4);
insert into persons (id, about, birth_date, change_password_token, configuration_code, deleted_time, email, first_name, is_approved, is_blocked, is_deleted, last_name, last_online_time, message_permissions, notifications_session_id, online_status, password, phone, photo, reg_date, city, country, telegram_id, person_settings_id) values (51, 'Curabitur at ipsum ac tellus semper interdum.', '2023-01-01 00:00:00', 'vxhhbm787', '99', '2023-01-01 00:00:00', 'lwayt1e@vk.com', 'Lydia', true, false, true, 'Wayt', '2023-01-01 00:00:00', 'quam', 'vel', 'est', 'gn78so', '803-272-2874', 'wp32uqixieumoqtvzd', '2023-01-01 00:00:00', 'Hanover', 'Canada', 472, 138);
insert into persons (id, about, birth_date, change_password_token, configuration_code, deleted_time, email, first_name, is_approved, is_blocked, is_deleted, last_name, last_online_time, message_permissions, notifications_session_id, online_status, password, phone, photo, reg_date, city, country, telegram_id, person_settings_id) values (52, 'Nunc rhoncus dui vel sem.', '2023-01-01 00:00:00', 'kpruja695', '0391', '2023-01-01 00:00:00', 'flooker1f@marriott.com', 'Freddi', false, false, false, 'Looker', '2023-01-01 00:00:00', 'dui', 'quis', 'morbi', 'mv08ph', '431-811-8751', 'wq62lkbhztkmtqfcld', '2023-01-01 00:00:00', 'Novopskov', 'Ukraine', 578, 571);
insert into persons (id, about, birth_date, change_password_token, configuration_code, deleted_time, email, first_name, is_approved, is_blocked, is_deleted, last_name, last_online_time, message_permissions, notifications_session_id, online_status, password, phone, photo, reg_date, city, country, telegram_id, person_settings_id) values (53, 'In hac habitasse platea dictumst.', '2023-01-01 00:00:00', 'olwnhv705', '2992', '2023-01-01 00:00:00', 'egreenham1g@purevolume.com', 'Erroll', false, true, false, 'Greenham', '2023-01-01 00:00:00', 'etiam', 'consequat', 'ultrices', 'bg28mq', '914-265-6184', 'qj75hwyuzdffobxtaj', '2023-01-01 00:00:00', 'Talambung Laok', 'Indonesia', 240, 684);
insert into persons (id, about, birth_date, change_password_token, configuration_code, deleted_time, email, first_name, is_approved, is_blocked, is_deleted, last_name, last_online_time, message_permissions, notifications_session_id, online_status, password, phone, photo, reg_date, city, country, telegram_id, person_settings_id) values (54, 'Nunc rhoncus dui vel sem.', '2023-01-01 00:00:00', 'kpgtud724', '011', '2023-01-01 00:00:00', 'kmatchell1h@twitpic.com', 'Kaile', false, false, true, 'Matchell', '2023-01-01 00:00:00', 'aliquam', 'elit', 'rutrum', 'cr78eq', '109-931-2259', 'vq03vphstueuyijzcv', '2023-01-01 00:00:00', 'Pasarkayu', 'Indonesia', 273, 458);
insert into persons (id, about, birth_date, change_password_token, configuration_code, deleted_time, email, first_name, is_approved, is_blocked, is_deleted, last_name, last_online_time, message_permissions, notifications_session_id, online_status, password, phone, photo, reg_date, city, country, telegram_id, person_settings_id) values (55, 'Maecenas ut massa quis augue luctus tincidunt.', '2023-01-01 00:00:00', 'chrrph534', '12443', '2023-01-01 00:00:00', 'eelleray1i@cbslocal.com', 'Erny', false, true, true, 'Elleray', '2023-01-01 00:00:00', 'a', 'elementum', 'lorem', 'oq50lg', '209-895-7661', 'jk51pnpwyerfgnwcun', '2023-01-01 00:00:00', 'Diavatós', 'Greece', 761, 519);
insert into persons (id, about, birth_date, change_password_token, configuration_code, deleted_time, email, first_name, is_approved, is_blocked, is_deleted, last_name, last_online_time, message_permissions, notifications_session_id, online_status, password, phone, photo, reg_date, city, country, telegram_id, person_settings_id) values (56, 'Donec ut dolor.', '2023-01-01 00:00:00', 'chmgfo858', '611', '2023-01-01 00:00:00', 'djolly1j@sbwire.com', 'Demott', true, false, true, 'Jolly', '2023-01-01 00:00:00', 'consequat', 'mauris', 'congue', 'oz57cf', '152-347-9639', 'cb60tqgqqxgjhnwyhn', '2023-01-01 00:00:00', 'Vänersborg', 'Sweden', 755, 873);
insert into persons (id, about, birth_date, change_password_token, configuration_code, deleted_time, email, first_name, is_approved, is_blocked, is_deleted, last_name, last_online_time, message_permissions, notifications_session_id, online_status, password, phone, photo, reg_date, city, country, telegram_id, person_settings_id) values (57, 'Nunc purus.', '2023-01-01 00:00:00', 'jmddrh010', '5697', '2023-01-01 00:00:00', 'cwilds1k@globo.com', 'Chancey', false, false, true, 'Wilds', '2023-01-01 00:00:00', 'vitae', 'lacus', 'donec', 'gd06sv', '254-339-8382', 'ee87uhgpxwsnqyfsku', '2023-01-01 00:00:00', 'Malaruhatan', 'Philippines', 927, 693);
insert into persons (id, about, birth_date, change_password_token, configuration_code, deleted_time, email, first_name, is_approved, is_blocked, is_deleted, last_name, last_online_time, message_permissions, notifications_session_id, online_status, password, phone, photo, reg_date, city, country, telegram_id, person_settings_id) values (58, 'Phasellus in felis.', '2023-01-01 00:00:00', 'tqucub659', '2011', '2023-01-01 00:00:00', 'ccleeve1l@google.ca', 'Christos', true, false, true, 'Cleeve', '2023-01-01 00:00:00', 'vitae', 'ligula', 'justo', 'hz63fk', '381-791-4104', 'ui22iedakdzyaqnhys', '2023-01-01 00:00:00', 'Balkh', 'Afghanistan', 160, 83);
insert into persons (id, about, birth_date, change_password_token, configuration_code, deleted_time, email, first_name, is_approved, is_blocked, is_deleted, last_name, last_online_time, message_permissions, notifications_session_id, online_status, password, phone, photo, reg_date, city, country, telegram_id, person_settings_id) values (59, 'Curabitur gravida nisi at nibh.', '2023-01-01 00:00:00', 'aykinz672', '74199', '2023-01-01 00:00:00', 'rwrout1m@plala.or.jp', 'Ray', false, false, false, 'Wrout', '2023-01-01 00:00:00', 'sem', 'fermentum', 'felis', 'tf61mi', '940-366-9644', 'ta60qevotzyrryatlq', '2023-01-01 00:00:00', 'Louredo', 'Portugal', 507, 245);
insert into persons (id, about, birth_date, change_password_token, configuration_code, deleted_time, email, first_name, is_approved, is_blocked, is_deleted, last_name, last_online_time, message_permissions, notifications_session_id, online_status, password, phone, photo, reg_date, city, country, telegram_id, person_settings_id) values (60, 'Morbi sem mauris, laoreet ut, rhoncus aliquet, pulvinar sed, nisl.', '2023-01-01 00:00:00', 'nlitkw202', '9727', '2023-01-01 00:00:00', 'mmucklow1n@sourceforge.net', 'Maddi', false, true, true, 'Mucklow', '2023-01-01 00:00:00', 'urna', 'amet', 'sed', 'gy22pa', '504-199-8457', 'tu01gqukipugnyzhxe', '2023-01-01 00:00:00', 'Komsomolsk-on-Amur', 'Russia', 836, 306);
insert into persons (id, about, birth_date, change_password_token, configuration_code, deleted_time, email, first_name, is_approved, is_blocked, is_deleted, last_name, last_online_time, message_permissions, notifications_session_id, online_status, password, phone, photo, reg_date, city, country, telegram_id, person_settings_id) values (61, 'Maecenas tristique, est et tempus semper, est quam pharetra magna, ac consequat metus sapien ut nunc.', '2023-01-01 00:00:00', 'tgwufv230', '5991', '2023-01-01 00:00:00', 'criccio1o@yandex.ru', 'Cosmo', true, false, false, 'Riccio', '2023-01-01 00:00:00', 'eu', 'elementum', 'posuere', 'km97qb', '317-876-1021', 'zh35jrstkbbhcoicav', '2023-01-01 00:00:00', 'Jiulonggang', 'China', 716, 543);
insert into persons (id, about, birth_date, change_password_token, configuration_code, deleted_time, email, first_name, is_approved, is_blocked, is_deleted, last_name, last_online_time, message_permissions, notifications_session_id, online_status, password, phone, photo, reg_date, city, country, telegram_id, person_settings_id) values (62, 'Nullam porttitor lacus at turpis.', '2023-01-01 00:00:00', 'otrnfr768', '77355', '2023-01-01 00:00:00', 'dbrachell1p@bigcartel.com', 'Danella', true, false, false, 'Brachell', '2023-01-01 00:00:00', 'varius', 'ullamcorper', 'suspendisse', 'fz66hr', '209-327-6250', 'un33zjuhkbkvzmwsga', '2023-01-01 00:00:00', 'Sarukhan', 'Armenia', 12, 481);
insert into persons (id, about, birth_date, change_password_token, configuration_code, deleted_time, email, first_name, is_approved, is_blocked, is_deleted, last_name, last_online_time, message_permissions, notifications_session_id, online_status, password, phone, photo, reg_date, city, country, telegram_id, person_settings_id) values (63, 'Curabitur gravida nisi at nibh.', '2023-01-01 00:00:00', 'ojqnkx508', '566', '2023-01-01 00:00:00', 'blampert1q@webs.com', 'Buddie', true, true, true, 'Lampert', '2023-01-01 00:00:00', 'venenatis', 'arcu', 'hendrerit', 'dw36vp', '622-494-8038', 'sc47icgncbopzqbhrk', '2023-01-01 00:00:00', 'Maninihon', 'Philippines', 977, 1);
insert into persons (id, about, birth_date, change_password_token, configuration_code, deleted_time, email, first_name, is_approved, is_blocked, is_deleted, last_name, last_online_time, message_permissions, notifications_session_id, online_status, password, phone, photo, reg_date, city, country, telegram_id, person_settings_id) values (64, 'Morbi ut odio.', '2023-01-01 00:00:00', 'mgybzy910', '45', '2023-01-01 00:00:00', 'hcommings1r@freewebs.com', 'Ham', true, true, true, 'Commings', '2023-01-01 00:00:00', 'pulvinar', 'faucibus', 'duis', 'eo40iy', '203-668-3195', 'cr19ybplmksrtcqlbn', '2023-01-01 00:00:00', 'Ueno', 'Japan', 277, 142);
insert into persons (id, about, birth_date, change_password_token, configuration_code, deleted_time, email, first_name, is_approved, is_blocked, is_deleted, last_name, last_online_time, message_permissions, notifications_session_id, online_status, password, phone, photo, reg_date, city, country, telegram_id, person_settings_id) values (65, 'Mauris sit amet eros.', '2023-01-01 00:00:00', 'odvtjl790', '51', '2023-01-01 00:00:00', 'cmackeig1s@zimbio.com', 'Cyndi', true, true, true, 'MacKeig', '2023-01-01 00:00:00', 'purus', 'odio', 'justo', 'ok81he', '624-967-6036', 'mg18nshkkcbikwhogm', '2023-01-01 00:00:00', 'Beo', 'Indonesia', 723, 82);
insert into persons (id, about, birth_date, change_password_token, configuration_code, deleted_time, email, first_name, is_approved, is_blocked, is_deleted, last_name, last_online_time, message_permissions, notifications_session_id, online_status, password, phone, photo, reg_date, city, country, telegram_id, person_settings_id) values (66, 'Fusce lacus purus, aliquet at, feugiat non, pretium quis, lectus.', '2023-01-01 00:00:00', 'famhle644', '6', '2023-01-01 00:00:00', 'wflippini1t@goo.ne.jp', 'Willyt', false, false, true, 'Flippini', '2023-01-01 00:00:00', 'sapien', 'cras', 'ridiculus', 'zw61zw', '212-382-8446', 'li29qtgvsiemmwyzyp', '2023-01-01 00:00:00', 'Quế Sơn', 'Vietnam', 242, 291);
insert into persons (id, about, birth_date, change_password_token, configuration_code, deleted_time, email, first_name, is_approved, is_blocked, is_deleted, last_name, last_online_time, message_permissions, notifications_session_id, online_status, password, phone, photo, reg_date, city, country, telegram_id, person_settings_id) values (67, 'Aliquam non mauris.', '2023-01-01 00:00:00', 'egbypd322', '62', '2023-01-01 00:00:00', 'jforshaw1u@google.co.uk', 'Jessa', true, false, true, 'Forshaw', '2023-01-01 00:00:00', 'quam', 'rutrum', 'risus', 'fz78sj', '666-220-2350', 'rz55objrqazckkgqmt', '2023-01-01 00:00:00', 'Yaojiagou', 'China', 322, 902);
insert into persons (id, about, birth_date, change_password_token, configuration_code, deleted_time, email, first_name, is_approved, is_blocked, is_deleted, last_name, last_online_time, message_permissions, notifications_session_id, online_status, password, phone, photo, reg_date, city, country, telegram_id, person_settings_id) values (68, 'Praesent id massa id nisl venenatis lacinia.', '2023-01-01 00:00:00', 'jjjxbr667', '56', '2023-01-01 00:00:00', 'egodfrey1v@domainmarket.com', 'Esdras', true, false, false, 'Godfrey', '2023-01-01 00:00:00', 'quam', 'vestibulum', 'in', 'rs56kv', '628-303-4913', 'zb03mwkxtvwzxquyps', '2023-01-01 00:00:00', 'Olutanga', 'Philippines', 122, 514);
insert into persons (id, about, birth_date, change_password_token, configuration_code, deleted_time, email, first_name, is_approved, is_blocked, is_deleted, last_name, last_online_time, message_permissions, notifications_session_id, online_status, password, phone, photo, reg_date, city, country, telegram_id, person_settings_id) values (69, 'Etiam faucibus cursus urna.', '2023-01-01 00:00:00', 'byizcx650', '788', '2023-01-01 00:00:00', 'lwieprecht1w@constantcontact.com', 'Lucilia', false, true, false, 'Wieprecht', '2023-01-01 00:00:00', 'turpis', 'nullam', 'congue', 'hv98qr', '550-893-5013', 'ug52jaxsqcdeazdvmo', '2023-01-01 00:00:00', 'Liuzhi', 'China', 688, 167);
insert into persons (id, about, birth_date, change_password_token, configuration_code, deleted_time, email, first_name, is_approved, is_blocked, is_deleted, last_name, last_online_time, message_permissions, notifications_session_id, online_status, password, phone, photo, reg_date, city, country, telegram_id, person_settings_id) values (70, 'Nam tristique tortor eu pede.', '2023-01-01 00:00:00', 'raahqk174', '91990', '2023-01-01 00:00:00', 'dtesseyman1x@theglobeandmail.com', 'Dyan', true, true, true, 'Tesseyman', '2023-01-01 00:00:00', 'ipsum', 'id', 'posuere', 'be52id', '603-471-4017', 'vy09wnsxfaxqmbizia', '2023-01-01 00:00:00', 'Cumanacoa', 'Venezuela', 343, 475);
insert into persons (id, about, birth_date, change_password_token, configuration_code, deleted_time, email, first_name, is_approved, is_blocked, is_deleted, last_name, last_online_time, message_permissions, notifications_session_id, online_status, password, phone, photo, reg_date, city, country, telegram_id, person_settings_id) values (71, 'Vestibulum sed magna at nunc commodo placerat.', '2023-01-01 00:00:00', 'xnhseg791', '6', '2023-01-01 00:00:00', 'sdikelin1y@cornell.edu', 'Sergent', true, false, true, 'Dikelin', '2023-01-01 00:00:00', 'sapien', 'diam', 'id', 'qv09mj', '250-326-8093', 'xg61eeijsmlqwdsevl', '2023-01-01 00:00:00', 'Paris 13', 'France', 223, 251);
insert into persons (id, about, birth_date, change_password_token, configuration_code, deleted_time, email, first_name, is_approved, is_blocked, is_deleted, last_name, last_online_time, message_permissions, notifications_session_id, online_status, password, phone, photo, reg_date, city, country, telegram_id, person_settings_id) values (72, 'In hac habitasse platea dictumst.', '2023-01-01 00:00:00', 'kkwbhq028', '49', '2023-01-01 00:00:00', 'cspancock1z@indiatimes.com', 'Christen', true, true, false, 'Spancock', '2023-01-01 00:00:00', 'arcu', 'id', 'purus', 'zo25mm', '512-103-1498', 'mh78nwbmriwnxyscrd', '2023-01-01 00:00:00', 'Shalinskoye', 'Russia', 502, 550);
insert into persons (id, about, birth_date, change_password_token, configuration_code, deleted_time, email, first_name, is_approved, is_blocked, is_deleted, last_name, last_online_time, message_permissions, notifications_session_id, online_status, password, phone, photo, reg_date, city, country, telegram_id, person_settings_id) values (73, 'Phasellus id sapien in sapien iaculis congue.', '2023-01-01 00:00:00', 'vkxswd201', '2795', '2023-01-01 00:00:00', 'amcgerr20@berkeley.edu', 'Amory', false, true, false, 'McGerr', '2023-01-01 00:00:00', 'dui', 'turpis', 'luctus', 'jl90xx', '547-737-9901', 'lf42dmhcpoaouoqzke', '2023-01-01 00:00:00', 'Yelizovo', 'Russia', 972, 595);
insert into persons (id, about, birth_date, change_password_token, configuration_code, deleted_time, email, first_name, is_approved, is_blocked, is_deleted, last_name, last_online_time, message_permissions, notifications_session_id, online_status, password, phone, photo, reg_date, city, country, telegram_id, person_settings_id) values (74, 'Suspendisse ornare consequat lectus.', '2023-01-01 00:00:00', 'vlwtms857', '734', '2023-01-01 00:00:00', 'bladley21@ameblo.jp', 'Bell', true, true, false, 'Ladley', '2023-01-01 00:00:00', 'nunc', 'id', 'vivamus', 'yc20lc', '846-207-2656', 'lu79vebuddwcorxcmq', '2023-01-01 00:00:00', 'Dalumangcob', 'Philippines', 457, 267);
insert into persons (id, about, birth_date, change_password_token, configuration_code, deleted_time, email, first_name, is_approved, is_blocked, is_deleted, last_name, last_online_time, message_permissions, notifications_session_id, online_status, password, phone, photo, reg_date, city, country, telegram_id, person_settings_id) values (75, 'Phasellus sit amet erat.', '2023-01-01 00:00:00', 'btjjyg511', '8', '2023-01-01 00:00:00', 'rwillison22@toplist.cz', 'Ronnica', false, true, false, 'Willison', '2023-01-01 00:00:00', 'aliquam', 'sit', 'dui', 'jc87zt', '252-256-4629', 'fn82arudiyucbkoshg', '2023-01-01 00:00:00', 'Gandoang', 'Indonesia', 335, 652);
insert into persons (id, about, birth_date, change_password_token, configuration_code, deleted_time, email, first_name, is_approved, is_blocked, is_deleted, last_name, last_online_time, message_permissions, notifications_session_id, online_status, password, phone, photo, reg_date, city, country, telegram_id, person_settings_id) values (76, 'Vivamus vestibulum sagittis sapien.', '2023-01-01 00:00:00', 'peeecx013', '08', '2023-01-01 00:00:00', 'cthorald23@51.la', 'Chaddy', false, true, true, 'Thorald', '2023-01-01 00:00:00', 'phasellus', 'maecenas', 'neque', 'py38fq', '630-570-9565', 'ml74rupnlbchqnedrs', '2023-01-01 00:00:00', 'Klampok', 'Indonesia', 467, 312);
insert into persons (id, about, birth_date, change_password_token, configuration_code, deleted_time, email, first_name, is_approved, is_blocked, is_deleted, last_name, last_online_time, message_permissions, notifications_session_id, online_status, password, phone, photo, reg_date, city, country, telegram_id, person_settings_id) values (77, 'Nullam orci pede, venenatis non, sodales sed, tincidunt eu, felis.', '2023-01-01 00:00:00', 'tgyoho276', '7292', '2023-01-01 00:00:00', 'dtrevett24@kickstarter.com', 'Demetria', false, false, false, 'Trevett', '2023-01-01 00:00:00', 'faucibus', 'congue', 'donec', 'vb13zk', '213-568-4083', 'xj92pvirhnvpozqmgv', '2023-01-01 00:00:00', 'Yunyang', 'China', 813, 945);
insert into persons (id, about, birth_date, change_password_token, configuration_code, deleted_time, email, first_name, is_approved, is_blocked, is_deleted, last_name, last_online_time, message_permissions, notifications_session_id, online_status, password, phone, photo, reg_date, city, country, telegram_id, person_settings_id) values (78, 'Cras mi pede, malesuada in, imperdiet et, commodo vulputate, justo.', '2023-01-01 00:00:00', 'savojp351', '9646', '2023-01-01 00:00:00', 'lreihm25@free.fr', 'Leelah', false, true, false, 'Reihm', '2023-01-01 00:00:00', 'aliquet', 'praesent', 'mauris', 'de79fh', '439-218-0827', 'mv33hstwxziigyavmy', '2023-01-01 00:00:00', 'Ash Shuyūkh', 'Palestinian Territory', 464, 230);
insert into persons (id, about, birth_date, change_password_token, configuration_code, deleted_time, email, first_name, is_approved, is_blocked, is_deleted, last_name, last_online_time, message_permissions, notifications_session_id, online_status, password, phone, photo, reg_date, city, country, telegram_id, person_settings_id) values (79, 'Integer non velit.', '2023-01-01 00:00:00', 'puxmzq511', '19838', '2023-01-01 00:00:00', 'dduplain26@instagram.com', 'Daniel', true, false, true, 'Duplain', '2023-01-01 00:00:00', 'vulputate', 'auctor', 'diam', 'tt04wk', '157-692-5309', 'xe45bqaydvaqbuyegu', '2023-01-01 00:00:00', 'Kabo', 'Central African Republic', 309, 40);
insert into persons (id, about, birth_date, change_password_token, configuration_code, deleted_time, email, first_name, is_approved, is_blocked, is_deleted, last_name, last_online_time, message_permissions, notifications_session_id, online_status, password, phone, photo, reg_date, city, country, telegram_id, person_settings_id) values (80, 'Sed ante.', '2023-01-01 00:00:00', 'hgybbb504', '28', '2023-01-01 00:00:00', 'twharlton27@smh.com.au', 'Tobi', true, true, false, 'Wharlton', '2023-01-01 00:00:00', 'sodales', 'ut', 'in', 'mv66ie', '250-156-6205', 'ki67dxblompdbopvpp', '2023-01-01 00:00:00', 'Saint-Fargeau-Ponthierry', 'France', 441, 218);
insert into persons (id, about, birth_date, change_password_token, configuration_code, deleted_time, email, first_name, is_approved, is_blocked, is_deleted, last_name, last_online_time, message_permissions, notifications_session_id, online_status, password, phone, photo, reg_date, city, country, telegram_id, person_settings_id) values (81, 'Nunc nisl.', '2023-01-01 00:00:00', 'tdnuge067', '789', '2023-01-01 00:00:00', 'tduckering28@printfriendly.com', 'Tobe', false, false, false, 'Duckering', '2023-01-01 00:00:00', 'pretium', 'purus', 'non', 'lu10xi', '364-685-2098', 'dt60tozhzselichegx', '2023-01-01 00:00:00', 'Vani', 'Georgia', 380, 395);
insert into persons (id, about, birth_date, change_password_token, configuration_code, deleted_time, email, first_name, is_approved, is_blocked, is_deleted, last_name, last_online_time, message_permissions, notifications_session_id, online_status, password, phone, photo, reg_date, city, country, telegram_id, person_settings_id) values (82, 'Vestibulum ante ipsum primis in faucibus orci luctus et ultrices posuere cubilia Curae; Duis faucibus accumsan odio.', '2023-01-01 00:00:00', 'ocpeql759', '681', '2023-01-01 00:00:00', 'rmapstone29@cdc.gov', 'Ranee', false, true, true, 'Mapstone', '2023-01-01 00:00:00', 'morbi', 'ut', 'ac', 'wl64so', '154-333-2071', 'nu12uxziioturghbse', '2023-01-01 00:00:00', 'Xinning', 'China', 347, 375);
insert into persons (id, about, birth_date, change_password_token, configuration_code, deleted_time, email, first_name, is_approved, is_blocked, is_deleted, last_name, last_online_time, message_permissions, notifications_session_id, online_status, password, phone, photo, reg_date, city, country, telegram_id, person_settings_id) values (83, 'Praesent blandit.', '2023-01-01 00:00:00', 'ovlstj893', '92', '2023-01-01 00:00:00', 'athompkins2a@freewebs.com', 'Ailina', true, false, true, 'Thompkins', '2023-01-01 00:00:00', 'nulla', 'augue', 'dolor', 'ea28bv', '901-306-5508', 'qy94pukhpbqjzflsmf', '2023-01-01 00:00:00', 'Memphis', 'United States', 706, 931);
insert into persons (id, about, birth_date, change_password_token, configuration_code, deleted_time, email, first_name, is_approved, is_blocked, is_deleted, last_name, last_online_time, message_permissions, notifications_session_id, online_status, password, phone, photo, reg_date, city, country, telegram_id, person_settings_id) values (84, 'Proin leo odio, porttitor id, consequat in, consequat ut, nulla.', '2023-01-01 00:00:00', 'majnro083', '97925', '2023-01-01 00:00:00', 'rlapthorn2b@i2i.jp', 'Renelle', true, true, true, 'Lapthorn', '2023-01-01 00:00:00', 'interdum', 'volutpat', 'ultrices', 'ao71ld', '517-137-8219', 'wb22msdatjxkclwfev', '2023-01-01 00:00:00', 'Mankono', 'Ivory Coast', 519, 817);
insert into persons (id, about, birth_date, change_password_token, configuration_code, deleted_time, email, first_name, is_approved, is_blocked, is_deleted, last_name, last_online_time, message_permissions, notifications_session_id, online_status, password, phone, photo, reg_date, city, country, telegram_id, person_settings_id) values (85, 'Donec odio justo, sollicitudin ut, suscipit a, feugiat et, eros.', '2023-01-01 00:00:00', 'gofcmr957', '82137', '2023-01-01 00:00:00', 'dhaseldine2c@jimdo.com', 'Davide', true, false, false, 'Haseldine', '2023-01-01 00:00:00', 'lectus', 'sapien', 'dignissim', 'uz49vj', '360-525-0077', 'jz92ducsnuwwbckjcx', '2023-01-01 00:00:00', 'Stavropol’', 'Russia', 233, 14);
insert into persons (id, about, birth_date, change_password_token, configuration_code, deleted_time, email, first_name, is_approved, is_blocked, is_deleted, last_name, last_online_time, message_permissions, notifications_session_id, online_status, password, phone, photo, reg_date, city, country, telegram_id, person_settings_id) values (86, 'Nullam sit amet turpis elementum ligula vehicula consequat.', '2023-01-01 00:00:00', 'ktevxc937', '54', '2023-01-01 00:00:00', 'gtarborn2d@shareasale.com', 'Gibbie', true, false, false, 'Tarborn', '2023-01-01 00:00:00', 'condimentum', 'sodales', 'sem', 'yr93xx', '533-152-3058', 'wp35emhhxilghhodre', '2023-01-01 00:00:00', 'Wang Sam Mo', 'Thailand', 468, 501);
insert into persons (id, about, birth_date, change_password_token, configuration_code, deleted_time, email, first_name, is_approved, is_blocked, is_deleted, last_name, last_online_time, message_permissions, notifications_session_id, online_status, password, phone, photo, reg_date, city, country, telegram_id, person_settings_id) values (87, 'Duis bibendum.', '2023-01-01 00:00:00', 'eyaqtv728', '70', '2023-01-01 00:00:00', 'cgurnell2e@123-reg.co.uk', 'Chastity', false, false, true, 'Gurnell', '2023-01-01 00:00:00', 'lectus', 'hac', 'ligula', 'sl01id', '226-605-1885', 'gm50iwpagcjdqjphtt', '2023-01-01 00:00:00', 'Barabedang', 'Indonesia', 140, 485);
insert into persons (id, about, birth_date, change_password_token, configuration_code, deleted_time, email, first_name, is_approved, is_blocked, is_deleted, last_name, last_online_time, message_permissions, notifications_session_id, online_status, password, phone, photo, reg_date, city, country, telegram_id, person_settings_id) values (88, 'Quisque erat eros, viverra eget, congue eget, semper rutrum, nulla.', '2023-01-01 00:00:00', 'flmhbr553', '6', '2023-01-01 00:00:00', 'kmoncaster2f@chron.com', 'Kerwin', false, false, false, 'Moncaster', '2023-01-01 00:00:00', 'imperdiet', 'enim', 'elit', 'uf36te', '554-433-7998', 'cm54teqrgsbpdnrqfd', '2023-01-01 00:00:00', '''s-Hertogenbosch', 'Netherlands', 189, 944);
insert into persons (id, about, birth_date, change_password_token, configuration_code, deleted_time, email, first_name, is_approved, is_blocked, is_deleted, last_name, last_online_time, message_permissions, notifications_session_id, online_status, password, phone, photo, reg_date, city, country, telegram_id, person_settings_id) values (89, 'In sagittis dui vel nisl.', '2023-01-01 00:00:00', 'tztvie881', '870', '2023-01-01 00:00:00', 'lmease2g@ca.gov', 'Lonnard', true, false, true, 'Mease', '2023-01-01 00:00:00', 'mauris', 'lobortis', 'faucibus', 'iu30vi', '226-224-0487', 'vj94vjxcxpgaghukfe', '2023-01-01 00:00:00', 'Sibinal', 'Guatemala', 223, 797);
insert into persons (id, about, birth_date, change_password_token, configuration_code, deleted_time, email, first_name, is_approved, is_blocked, is_deleted, last_name, last_online_time, message_permissions, notifications_session_id, online_status, password, phone, photo, reg_date, city, country, telegram_id, person_settings_id) values (90, 'Duis at velit eu est congue elementum.', '2023-01-01 00:00:00', 'euwxan602', '03062', '2023-01-01 00:00:00', 'kmacneillie2h@addthis.com', 'Kathryne', false, true, false, 'MacNeillie', '2023-01-01 00:00:00', 'dolor', 'quisque', 'donec', 'if35ph', '366-342-8191', 'bg06nfiutydhjsxwqz', '2023-01-01 00:00:00', 'Sūq Şirwāḩ', 'Yemen', 457, 684);
insert into persons (id, about, birth_date, change_password_token, configuration_code, deleted_time, email, first_name, is_approved, is_blocked, is_deleted, last_name, last_online_time, message_permissions, notifications_session_id, online_status, password, phone, photo, reg_date, city, country, telegram_id, person_settings_id) values (91, 'Fusce consequat.', '2023-01-01 00:00:00', 'grffoq420', '0657', '2023-01-01 00:00:00', 'fborrell2i@blinklist.com', 'Fredrick', true, false, true, 'Borrell', '2023-01-01 00:00:00', 'tortor', 'rutrum', 'augue', 'ol80rw', '788-714-5718', 'ef02eatgrigxywyjop', '2023-01-01 00:00:00', 'Campaka', 'Indonesia', 466, 183);
insert into persons (id, about, birth_date, change_password_token, configuration_code, deleted_time, email, first_name, is_approved, is_blocked, is_deleted, last_name, last_online_time, message_permissions, notifications_session_id, online_status, password, phone, photo, reg_date, city, country, telegram_id, person_settings_id) values (92, 'Morbi quis tortor id nulla ultrices aliquet.', '2023-01-01 00:00:00', 'qcpgkp148', '16', '2023-01-01 00:00:00', 'swasielewski2j@over-blog.com', 'Sharity', true, false, true, 'Wasielewski', '2023-01-01 00:00:00', 'aliquet', 'posuere', 'donec', 'we68du', '617-434-9702', 'ya94haxypqkilvzqnc', '2023-01-01 00:00:00', 'Zhishan', 'China', 284, 319);
insert into persons (id, about, birth_date, change_password_token, configuration_code, deleted_time, email, first_name, is_approved, is_blocked, is_deleted, last_name, last_online_time, message_permissions, notifications_session_id, online_status, password, phone, photo, reg_date, city, country, telegram_id, person_settings_id) values (93, 'Vestibulum ac est lacinia nisi venenatis tristique.', '2023-01-01 00:00:00', 'qlzcoe114', '1572', '2023-01-01 00:00:00', 'kstansbury2k@360.cn', 'Katrina', false, true, false, 'Stansbury', '2023-01-01 00:00:00', 'lobortis', 'sagittis', 'dui', 'we12lc', '589-151-7203', 'ax05nqwaolqewgjzvg', '2023-01-01 00:00:00', 'Bode Sadu', 'Nigeria', 603, 25);
insert into persons (id, about, birth_date, change_password_token, configuration_code, deleted_time, email, first_name, is_approved, is_blocked, is_deleted, last_name, last_online_time, message_permissions, notifications_session_id, online_status, password, phone, photo, reg_date, city, country, telegram_id, person_settings_id) values (94, 'Maecenas tristique, est et tempus semper, est quam pharetra magna, ac consequat metus sapien ut nunc.', '2023-01-01 00:00:00', 'fvsbqt495', '0399', '2023-01-01 00:00:00', 'praynard2l@etsy.com', 'Pebrook', true, false, true, 'Raynard', '2023-01-01 00:00:00', 'libero', 'auctor', 'quisque', 'lu52ie', '244-680-3056', 'qh71jfevnjoyibxwkp', '2023-01-01 00:00:00', 'Karátoulas', 'Greece', 167, 548);
insert into persons (id, about, birth_date, change_password_token, configuration_code, deleted_time, email, first_name, is_approved, is_blocked, is_deleted, last_name, last_online_time, message_permissions, notifications_session_id, online_status, password, phone, photo, reg_date, city, country, telegram_id, person_settings_id) values (95, 'Curabitur convallis.', '2023-01-01 00:00:00', 'fyubax787', '3', '2023-01-01 00:00:00', 'sturnock2m@deviantart.com', 'Siffre', true, false, true, 'Turnock', '2023-01-01 00:00:00', 'lorem', 'id', 'amet', 'vf62fo', '543-940-6329', 'tf79hwxmtygubdnvob', '2023-01-01 00:00:00', 'Ciusul', 'Indonesia', 657, 626);
insert into persons (id, about, birth_date, change_password_token, configuration_code, deleted_time, email, first_name, is_approved, is_blocked, is_deleted, last_name, last_online_time, message_permissions, notifications_session_id, online_status, password, phone, photo, reg_date, city, country, telegram_id, person_settings_id) values (96, 'Vestibulum rutrum rutrum neque.', '2023-01-01 00:00:00', 'gsspwg102', '04155', '2023-01-01 00:00:00', 'mwetherby2n@columbia.edu', 'Marsha', false, true, true, 'Wetherby', '2023-01-01 00:00:00', 'sapien', 'in', 'aliquam', 'xh61th', '739-347-0624', 'an86yvyetoyliwrwsn', '2023-01-01 00:00:00', 'Jiahu', 'China', 798, 815);
insert into persons (id, about, birth_date, change_password_token, configuration_code, deleted_time, email, first_name, is_approved, is_blocked, is_deleted, last_name, last_online_time, message_permissions, notifications_session_id, online_status, password, phone, photo, reg_date, city, country, telegram_id, person_settings_id) values (97, 'Sed sagittis.', '2023-01-01 00:00:00', 'imstlf506', '7', '2023-01-01 00:00:00', 'fkrollmann2o@nbcnews.com', 'Frannie', true, false, true, 'Krollmann', '2023-01-01 00:00:00', 'ullamcorper', 'nisl', 'habitasse', 'an25by', '603-700-5016', 'lw71zlwnwdfvzxmqtx', '2023-01-01 00:00:00', 'San Pablo', 'Costa Rica', 999, 708);
insert into persons (id, about, birth_date, change_password_token, configuration_code, deleted_time, email, first_name, is_approved, is_blocked, is_deleted, last_name, last_online_time, message_permissions, notifications_session_id, online_status, password, phone, photo, reg_date, city, country, telegram_id, person_settings_id) values (98, 'Maecenas pulvinar lobortis est.', '2023-01-01 00:00:00', 'qtfcww757', '7', '2023-01-01 00:00:00', 'lhartwright2p@huffingtonpost.com', 'Ludovico', true, true, true, 'Hartwright', '2023-01-01 00:00:00', 'mattis', 'lacus', 'lectus', 'vk80io', '722-507-5428', 'cb08cbqacubgzlhbaw', '2023-01-01 00:00:00', 'Strunino', 'Russia', 377, 995);
insert into persons (id, about, birth_date, change_password_token, configuration_code, deleted_time, email, first_name, is_approved, is_blocked, is_deleted, last_name, last_online_time, message_permissions, notifications_session_id, online_status, password, phone, photo, reg_date, city, country, telegram_id, person_settings_id) values (99, 'Donec odio justo, sollicitudin ut, suscipit a, feugiat et, eros.', '2023-01-01 00:00:00', 'wvuvkx295', '5746', '2023-01-01 00:00:00', 'astickel2q@merriam-webster.com', 'Aggie', true, false, true, 'Stickel', '2023-01-01 00:00:00', 'ultrices', 'platea', 'mollis', 'kr63xp', '969-294-7381', 'jm18blmnyzmdlkhvjv', '2023-01-01 00:00:00', 'Villa Constitución', 'Argentina', 785, 277);
insert into persons (id, about, birth_date, change_password_token, configuration_code, deleted_time, email, first_name, is_approved, is_blocked, is_deleted, last_name, last_online_time, message_permissions, notifications_session_id, online_status, password, phone, photo, reg_date, city, country, telegram_id, person_settings_id) values (100, 'Nulla tempus.', '2023-01-01 00:00:00', 'owsnkw571', '05', '2023-01-01 00:00:00', 'dbrearton2r@paginegialle.it', 'Darlleen', true, false, true, 'Brearton', '2023-01-01 00:00:00', 'metus', 'quam', 'sit', 'ua38hf', '534-472-2904', 'fj28jpvaictccwtnph', '2023-01-01 00:00:00', '‘Amrān', 'Yemen', 530, 581);

insert into posts (id, is_blocked, is_deleted, post_text, time, time_delete, title, author_id) values (1, true, true, 'Other irrigation of (naso-)gastric tube', '2023-01-01 00:00:00', '2023-01-01 00:00:00', 'Mr', 1);
insert into posts (id, is_blocked, is_deleted, post_text, time, time_delete, title, author_id) values (2, false, true, 'Repair of uvula', '2023-01-01 00:00:00', '2023-01-01 00:00:00', 'Mr', 2);
insert into posts (id, is_blocked, is_deleted, post_text, time, time_delete, title, author_id) values (3, true, true, 'Excision of internal mammary lymph node', '2023-01-01 00:00:00', '2023-01-01 00:00:00', 'Ms', 3);
insert into posts (id, is_blocked, is_deleted, post_text, time, time_delete, title, author_id) values (4, true, false, 'Other diagnostic procedures on spermatic cord, epididymis, and vas deferens', '2023-01-01 00:00:00', '2023-01-01 00:00:00', 'Honorable', 4);
insert into posts (id, is_blocked, is_deleted, post_text, time, time_delete, title, author_id) values (5, true, true, 'Repair of rupture of eyeball', '2023-01-01 00:00:00', '2023-01-01 00:00:00', 'Dr', 5);
insert into posts (id, is_blocked, is_deleted, post_text, time, time_delete, title, author_id) values (6, false, true, 'Incision of nose', '2023-01-01 00:00:00', '2023-01-01 00:00:00', 'Mrs', 6);
insert into posts (id, is_blocked, is_deleted, post_text, time, time_delete, title, author_id) values (7, false, false, 'Other repair and plastic operations on tongue', '2023-01-01 00:00:00', '2023-01-01 00:00:00', 'Rev', 7);
insert into posts (id, is_blocked, is_deleted, post_text, time, time_delete, title, author_id) values (8, false, true, 'Removal of vaginal diaphragm', '2023-01-01 00:00:00', '2023-01-01 00:00:00', 'Rev', 8);
insert into posts (id, is_blocked, is_deleted, post_text, time, time_delete, title, author_id) values (9, true, true, 'Bursotomy', '2023-01-01 00:00:00', '2023-01-01 00:00:00', 'Dr', 9);
insert into posts (id, is_blocked, is_deleted, post_text, time, time_delete, title, author_id) values (10, true, true, 'Suture of capsule or ligament of ankle and foot', '2023-01-01 00:00:00', '2023-01-01 00:00:00', 'Mrs', 10);
insert into posts (id, is_blocked, is_deleted, post_text, time, time_delete, title, author_id) values (11, true, true, '(Aorto)coronary bypass of one coronary artery', '2023-01-01 00:00:00', '2023-01-01 00:00:00', 'Dr', 11);
insert into posts (id, is_blocked, is_deleted, post_text, time, time_delete, title, author_id) values (12, true, false, 'Replacement of dental packing', '2023-01-01 00:00:00', '2023-01-01 00:00:00', 'Dr', 12);
insert into posts (id, is_blocked, is_deleted, post_text, time, time_delete, title, author_id) values (13, true, true, 'Removal of impacted feces', '2023-01-01 00:00:00', '2023-01-01 00:00:00', 'Rev', 13);
insert into posts (id, is_blocked, is_deleted, post_text, time, time_delete, title, author_id) values (14, false, true, 'Other excision of vessels, thoracic vessels', '2023-01-01 00:00:00', '2023-01-01 00:00:00', 'Dr', 14);
insert into posts (id, is_blocked, is_deleted, post_text, time, time_delete, title, author_id) values (15, false, true, 'Endocervical biopsy', '2023-01-01 00:00:00', '2023-01-01 00:00:00', 'Ms', 15);
insert into posts (id, is_blocked, is_deleted, post_text, time, time_delete, title, author_id) values (16, true, true, 'Other psychologic evaluation and testing', '2023-01-01 00:00:00', '2023-01-01 00:00:00', 'Dr', 16);
insert into posts (id, is_blocked, is_deleted, post_text, time, time_delete, title, author_id) values (17, true, false, 'Other tomography of head', '2023-01-01 00:00:00', '2023-01-01 00:00:00', 'Dr', 17);
insert into posts (id, is_blocked, is_deleted, post_text, time, time_delete, title, author_id) values (18, false, false, 'Removal of intraluminal foreign body from pharynx without incision', '2023-01-01 00:00:00', '2023-01-01 00:00:00', 'Dr', 18);
insert into posts (id, is_blocked, is_deleted, post_text, time, time_delete, title, author_id) values (19, true, false, 'Other suture of flexor tendon of hand', '2023-01-01 00:00:00', '2023-01-01 00:00:00', 'Rev', 19);
insert into posts (id, is_blocked, is_deleted, post_text, time, time_delete, title, author_id) values (20, false, true, 'Insertion of skull plate', '2023-01-01 00:00:00', '2023-01-01 00:00:00', 'Rev', 20);
insert into posts (id, is_blocked, is_deleted, post_text, time, time_delete, title, author_id) values (21, false, true, 'Mechanical phacofragmentation and aspiration of cataract by posterior route', '2023-01-01 00:00:00', '2023-01-01 00:00:00', 'Honorable', 21);
insert into posts (id, is_blocked, is_deleted, post_text, time, time_delete, title, author_id) values (22, true, false, 'Removal of implanted lens', '2023-01-01 00:00:00', '2023-01-01 00:00:00', 'Rev', 22);
insert into posts (id, is_blocked, is_deleted, post_text, time, time_delete, title, author_id) values (23, false, false, 'Repair of hip, not elsewhere classified', '2023-01-01 00:00:00', '2023-01-01 00:00:00', 'Mrs', 23);
insert into posts (id, is_blocked, is_deleted, post_text, time, time_delete, title, author_id) values (24, false, false, 'Synovectomy, hand and finger', '2023-01-01 00:00:00', '2023-01-01 00:00:00', 'Ms', 24);
insert into posts (id, is_blocked, is_deleted, post_text, time, time_delete, title, author_id) values (25, true, false, 'Hyperbaric oxygenation', '2023-01-01 00:00:00', '2023-01-01 00:00:00', 'Dr', 25);
insert into posts (id, is_blocked, is_deleted, post_text, time, time_delete, title, author_id) values (26, true, false, 'Biopsy of extraocular muscle or tendon', '2023-01-01 00:00:00', '2023-01-01 00:00:00', 'Mr', 26);
insert into posts (id, is_blocked, is_deleted, post_text, time, time_delete, title, author_id) values (27, true, false, 'Removal of (cement) spacer', '2023-01-01 00:00:00', '2023-01-01 00:00:00', 'Rev', 27);
insert into posts (id, is_blocked, is_deleted, post_text, time, time_delete, title, author_id) values (28, true, true, 'Other operations on larynx', '2023-01-01 00:00:00', '2023-01-01 00:00:00', 'Honorable', 28);
insert into posts (id, is_blocked, is_deleted, post_text, time, time_delete, title, author_id) values (29, true, false, 'Replacement of cystostomy tube', '2023-01-01 00:00:00', '2023-01-01 00:00:00', 'Honorable', 29);
insert into posts (id, is_blocked, is_deleted, post_text, time, time_delete, title, author_id) values (30, false, false, 'Scleral buckling with implant', '2023-01-01 00:00:00', '2023-01-01 00:00:00', 'Dr', 30);
insert into posts (id, is_blocked, is_deleted, post_text, time, time_delete, title, author_id) values (31, true, true, 'Other intrathoracic vascular shunt or bypass', '2023-01-01 00:00:00', '2023-01-01 00:00:00', 'Rev', 31);
insert into posts (id, is_blocked, is_deleted, post_text, time, time_delete, title, author_id) values (32, false, true, 'Pulmonary scan', '2023-01-01 00:00:00', '2023-01-01 00:00:00', 'Rev', 32);
insert into posts (id, is_blocked, is_deleted, post_text, time, time_delete, title, author_id) values (33, false, true, 'Local excision of lesion or tissue of bone, femur', '2023-01-01 00:00:00', '2023-01-01 00:00:00', 'Honorable', 33);
insert into posts (id, is_blocked, is_deleted, post_text, time, time_delete, title, author_id) values (34, false, false, 'Incision of anal septum', '2023-01-01 00:00:00', '2023-01-01 00:00:00', 'Honorable', 34);
insert into posts (id, is_blocked, is_deleted, post_text, time, time_delete, title, author_id) values (35, true, false, 'Other laparoscopic umbilical herniorrhaphy', '2023-01-01 00:00:00', '2023-01-01 00:00:00', 'Ms', 35);
insert into posts (id, is_blocked, is_deleted, post_text, time, time_delete, title, author_id) values (36, true, false, 'Total ankle replacement', '2023-01-01 00:00:00', '2023-01-01 00:00:00', 'Dr', 36);
insert into posts (id, is_blocked, is_deleted, post_text, time, time_delete, title, author_id) values (37, false, true, 'Microscopic examination of specimen from bladder, urethra, prostate, seminal vesicle, perivesical tissue, and of urine and semen, culture', '2023-01-01 00:00:00', '2023-01-01 00:00:00', 'Honorable', 37);
insert into posts (id, is_blocked, is_deleted, post_text, time, time_delete, title, author_id) values (38, true, true, 'Music therapy', '2023-01-01 00:00:00', '2023-01-01 00:00:00', 'Ms', 38);
insert into posts (id, is_blocked, is_deleted, post_text, time, time_delete, title, author_id) values (39, true, false, 'Other incision of esophagus', '2023-01-01 00:00:00', '2023-01-01 00:00:00', 'Dr', 39);
insert into posts (id, is_blocked, is_deleted, post_text, time, time_delete, title, author_id) values (40, false, true, 'Open and other replacement of aortic valve with tissue graft', '2023-01-01 00:00:00', '2023-01-01 00:00:00', 'Mrs', 40);
insert into posts (id, is_blocked, is_deleted, post_text, time, time_delete, title, author_id) values (41, false, true, 'Biopsy of perianal tissue', '2023-01-01 00:00:00', '2023-01-01 00:00:00', 'Rev', 41);
insert into posts (id, is_blocked, is_deleted, post_text, time, time_delete, title, author_id) values (42, false, false, 'Root canal, not otherwise specified', '2023-01-01 00:00:00', '2023-01-01 00:00:00', 'Honorable', 42);
insert into posts (id, is_blocked, is_deleted, post_text, time, time_delete, title, author_id) values (43, true, true, 'Vaccination against smallpox', '2023-01-01 00:00:00', '2023-01-01 00:00:00', 'Honorable', 43);
insert into posts (id, is_blocked, is_deleted, post_text, time, time_delete, title, author_id) values (44, true, true, 'Other transurethral destruction of prostate tissue by other thermotherapy', '2023-01-01 00:00:00', '2023-01-01 00:00:00', 'Mrs', 44);
insert into posts (id, is_blocked, is_deleted, post_text, time, time_delete, title, author_id) values (45, false, false, 'Open biopsy of bladder', '2023-01-01 00:00:00', '2023-01-01 00:00:00', 'Mrs', 45);
insert into posts (id, is_blocked, is_deleted, post_text, time, time_delete, title, author_id) values (46, true, false, 'Other repair of scrotum and tunica vaginalis', '2023-01-01 00:00:00', '2023-01-01 00:00:00', 'Rev', 46);
insert into posts (id, is_blocked, is_deleted, post_text, time, time_delete, title, author_id) values (47, true, true, 'Open biopsy of uterine ligaments', '2023-01-01 00:00:00', '2023-01-01 00:00:00', 'Ms', 47);
insert into posts (id, is_blocked, is_deleted, post_text, time, time_delete, title, author_id) values (48, false, true, 'Probing of lacrimal punctum', '2023-01-01 00:00:00', '2023-01-01 00:00:00', 'Mrs', 48);
insert into posts (id, is_blocked, is_deleted, post_text, time, time_delete, title, author_id) values (49, false, false, 'Biopsy of external ear', '2023-01-01 00:00:00', '2023-01-01 00:00:00', 'Honorable', 49);
insert into posts (id, is_blocked, is_deleted, post_text, time, time_delete, title, author_id) values (50, false, false, 'Closed [endoscopic] biopsy of trachea', '2023-01-01 00:00:00', '2023-01-01 00:00:00', 'Ms', 50);
insert into posts (id, is_blocked, is_deleted, post_text, time, time_delete, title, author_id) values (51, false, false, 'Amputation above knee', '2023-01-01 00:00:00', '2023-01-01 00:00:00', 'Honorable', 51);
insert into posts (id, is_blocked, is_deleted, post_text, time, time_delete, title, author_id) values (52, false, false, 'Ligation of spermatic cord', '2023-01-01 00:00:00', '2023-01-01 00:00:00', 'Mrs', 52);
insert into posts (id, is_blocked, is_deleted, post_text, time, time_delete, title, author_id) values (53, true, false, 'Implantation or replacement of carotid sinus stimulation pulse generator only', '2023-01-01 00:00:00', '2023-01-01 00:00:00', 'Honorable', 53);
insert into posts (id, is_blocked, is_deleted, post_text, time, time_delete, title, author_id) values (54, true, true, 'Replacement of any type pacemaker device with dual-chamber device', '2023-01-01 00:00:00', '2023-01-01 00:00:00', 'Mr', 54);
insert into posts (id, is_blocked, is_deleted, post_text, time, time_delete, title, author_id) values (55, false, true, 'Therapeutic plateletpheresis', '2023-01-01 00:00:00', '2023-01-01 00:00:00', 'Ms', 55);
insert into posts (id, is_blocked, is_deleted, post_text, time, time_delete, title, author_id) values (56, false, true, 'Total pancreatectomy', '2023-01-01 00:00:00', '2023-01-01 00:00:00', 'Dr', 56);
insert into posts (id, is_blocked, is_deleted, post_text, time, time_delete, title, author_id) values (57, false, false, 'Other total breech extraction', '2023-01-01 00:00:00', '2023-01-01 00:00:00', 'Mrs', 57);
insert into posts (id, is_blocked, is_deleted, post_text, time, time_delete, title, author_id) values (58, true, true, 'Unspecified operation on bone injury, other specified bone', '2023-01-01 00:00:00', '2023-01-01 00:00:00', 'Ms', 58);
insert into posts (id, is_blocked, is_deleted, post_text, time, time_delete, title, author_id) values (59, false, false, 'Other partial ostectomy, scapula, clavicle, and thorax [ribs and sternum]', '2023-01-01 00:00:00', '2023-01-01 00:00:00', 'Mrs', 59);
insert into posts (id, is_blocked, is_deleted, post_text, time, time_delete, title, author_id) values (60, false, false, 'Closed reduction of separated epiphysis, radius and ulna', '2023-01-01 00:00:00', '2023-01-01 00:00:00', 'Ms', 60);
insert into posts (id, is_blocked, is_deleted, post_text, time, time_delete, title, author_id) values (61, false, false, '(Aorto)coronary bypass of four or more coronary arteries', '2023-01-01 00:00:00', '2023-01-01 00:00:00', 'Mr', 61);
insert into posts (id, is_blocked, is_deleted, post_text, time, time_delete, title, author_id) values (62, false, true, 'Hymenorrhaphy', '2023-01-01 00:00:00', '2023-01-01 00:00:00', 'Mrs', 62);
insert into posts (id, is_blocked, is_deleted, post_text, time, time_delete, title, author_id) values (63, true, true, 'Insertion or replacement of implantable pressure sensor with lead for intracardiac or great vessel hemodynamic monitoring', '2023-01-01 00:00:00', '2023-01-01 00:00:00', 'Mr', 63);
insert into posts (id, is_blocked, is_deleted, post_text, time, time_delete, title, author_id) values (64, false, true, 'Procedure on single vessel', '2023-01-01 00:00:00', '2023-01-01 00:00:00', 'Honorable', 64);
insert into posts (id, is_blocked, is_deleted, post_text, time, time_delete, title, author_id) values (65, false, true, 'Microscopic examination of specimen from operative wound, bacterial smear', '2023-01-01 00:00:00', '2023-01-01 00:00:00', 'Mrs', 65);
insert into posts (id, is_blocked, is_deleted, post_text, time, time_delete, title, author_id) values (66, true, false, 'Insertion of spinal disc prosthesis, thoracic', '2023-01-01 00:00:00', '2023-01-01 00:00:00', 'Honorable', 66);
insert into posts (id, is_blocked, is_deleted, post_text, time, time_delete, title, author_id) values (67, false, true, 'Contrast pancreatogram', '2023-01-01 00:00:00', '2023-01-01 00:00:00', 'Mr', 67);
insert into posts (id, is_blocked, is_deleted, post_text, time, time_delete, title, author_id) values (68, false, false, 'Narcoanalysis', '2023-01-01 00:00:00', '2023-01-01 00:00:00', 'Ms', 68);
insert into posts (id, is_blocked, is_deleted, post_text, time, time_delete, title, author_id) values (69, false, false, 'Subconvulsive electroshock therapy', '2023-01-01 00:00:00', '2023-01-01 00:00:00', 'Dr', 69);
insert into posts (id, is_blocked, is_deleted, post_text, time, time_delete, title, author_id) values (70, false, true, 'Closed reduction of fracture without internal fixation, tibia and fibula', '2023-01-01 00:00:00', '2023-01-01 00:00:00', 'Rev', 70);
insert into posts (id, is_blocked, is_deleted, post_text, time, time_delete, title, author_id) values (71, true, false, 'Other incision of bone without division, tarsals and metatarsals', '2023-01-01 00:00:00', '2023-01-01 00:00:00', 'Rev', 71);
insert into posts (id, is_blocked, is_deleted, post_text, time, time_delete, title, author_id) values (72, true, false, 'Closed reduction of dislocation of unspecified site', '2023-01-01 00:00:00', '2023-01-01 00:00:00', 'Honorable', 72);
insert into posts (id, is_blocked, is_deleted, post_text, time, time_delete, title, author_id) values (73, true, false, 'Artificial pacemaker electrode impedance check', '2023-01-01 00:00:00', '2023-01-01 00:00:00', 'Mrs', 73);
insert into posts (id, is_blocked, is_deleted, post_text, time, time_delete, title, author_id) values (74, true, false, 'Other repair of urethra', '2023-01-01 00:00:00', '2023-01-01 00:00:00', 'Ms', 74);
insert into posts (id, is_blocked, is_deleted, post_text, time, time_delete, title, author_id) values (75, true, false, 'Local excision of lesion or tissue of bone, patella', '2023-01-01 00:00:00', '2023-01-01 00:00:00', 'Honorable', 75);
insert into posts (id, is_blocked, is_deleted, post_text, time, time_delete, title, author_id) values (76, true, false, 'Other nonoperative procedures related to hearing', '2023-01-01 00:00:00', '2023-01-01 00:00:00', 'Ms', 76);
insert into posts (id, is_blocked, is_deleted, post_text, time, time_delete, title, author_id) values (77, false, true, 'Other sympathectomy and ganglionectomy', '2023-01-01 00:00:00', '2023-01-01 00:00:00', 'Honorable', 77);
insert into posts (id, is_blocked, is_deleted, post_text, time, time_delete, title, author_id) values (78, false, false, 'Creation of conduit between atrium and pulmonary artery', '2023-01-01 00:00:00', '2023-01-01 00:00:00', 'Mrs', 78);
insert into posts (id, is_blocked, is_deleted, post_text, time, time_delete, title, author_id) values (79, false, false, 'Radical mastoidectomy', '2023-01-01 00:00:00', '2023-01-01 00:00:00', 'Rev', 79);
insert into posts (id, is_blocked, is_deleted, post_text, time, time_delete, title, author_id) values (80, false, false, 'Thoracoscopic lobectomy of lung', '2023-01-01 00:00:00', '2023-01-01 00:00:00', 'Ms', 80);
insert into posts (id, is_blocked, is_deleted, post_text, time, time_delete, title, author_id) values (81, true, true, 'Open mediastinal biopsy', '2023-01-01 00:00:00', '2023-01-01 00:00:00', 'Dr', 81);
insert into posts (id, is_blocked, is_deleted, post_text, time, time_delete, title, author_id) values (82, false, true, 'Replacement of electronic bladder stimulator', '2023-01-01 00:00:00', '2023-01-01 00:00:00', 'Ms', 82);
insert into posts (id, is_blocked, is_deleted, post_text, time, time_delete, title, author_id) values (83, true, false, 'Other operations on ciliary body', '2023-01-01 00:00:00', '2023-01-01 00:00:00', 'Mrs', 83);
insert into posts (id, is_blocked, is_deleted, post_text, time, time_delete, title, author_id) values (84, false, false, 'Suture of laceration of penis', '2023-01-01 00:00:00', '2023-01-01 00:00:00', 'Mr', 84);
insert into posts (id, is_blocked, is_deleted, post_text, time, time_delete, title, author_id) values (85, true, true, 'Unspecified instrumental delivery', '2023-01-01 00:00:00', '2023-01-01 00:00:00', 'Mr', 85);
insert into posts (id, is_blocked, is_deleted, post_text, time, time_delete, title, author_id) values (86, true, true, 'Division of endometrial synechiae', '2023-01-01 00:00:00', '2023-01-01 00:00:00', 'Mrs', 86);
insert into posts (id, is_blocked, is_deleted, post_text, time, time_delete, title, author_id) values (87, false, true, 'Hip bearing surface, metal-on-polyethylene', '2023-01-01 00:00:00', '2023-01-01 00:00:00', 'Honorable', 87);
insert into posts (id, is_blocked, is_deleted, post_text, time, time_delete, title, author_id) values (88, false, true, 'Other diagnostic procedures on urethra and periurethral tissue', '2023-01-01 00:00:00', '2023-01-01 00:00:00', 'Rev', 88);
insert into posts (id, is_blocked, is_deleted, post_text, time, time_delete, title, author_id) values (89, true, true, 'Nephrostomy', '2023-01-01 00:00:00', '2023-01-01 00:00:00', 'Ms', 89);
insert into posts (id, is_blocked, is_deleted, post_text, time, time_delete, title, author_id) values (90, true, true, 'Closed [percutaneous] [needle] biopsy of brain', '2023-01-01 00:00:00', '2023-01-01 00:00:00', 'Ms', 90);
insert into posts (id, is_blocked, is_deleted, post_text, time, time_delete, title, author_id) values (91, true, true, 'Fenestration of inner ear (initial)', '2023-01-01 00:00:00', '2023-01-01 00:00:00', 'Rev', 91);
insert into posts (id, is_blocked, is_deleted, post_text, time, time_delete, title, author_id) values (92, true, false, 'Type IV tympanoplasty', '2023-01-01 00:00:00', '2023-01-01 00:00:00', 'Rev', 92);
insert into posts (id, is_blocked, is_deleted, post_text, time, time_delete, title, author_id) values (93, false, true, 'Other division of soft tissue of hand', '2023-01-01 00:00:00', '2023-01-01 00:00:00', 'Honorable', 93);
insert into posts (id, is_blocked, is_deleted, post_text, time, time_delete, title, author_id) values (94, false, true, 'Thoracoscopic pleural biopsy', '2023-01-01 00:00:00', '2023-01-01 00:00:00', 'Mr', 94);
insert into posts (id, is_blocked, is_deleted, post_text, time, time_delete, title, author_id) values (95, true, false, 'Arthrodesis of shoulder', '2023-01-01 00:00:00', '2023-01-01 00:00:00', 'Dr', 95);
insert into posts (id, is_blocked, is_deleted, post_text, time, time_delete, title, author_id) values (96, false, true, 'Other and unspecified repair of atrial septal defect', '2023-01-01 00:00:00', '2023-01-01 00:00:00', 'Mrs', 96);
insert into posts (id, is_blocked, is_deleted, post_text, time, time_delete, title, author_id) values (97, false, false, 'Construction of penis', '2023-01-01 00:00:00', '2023-01-01 00:00:00', 'Honorable', 97);
insert into posts (id, is_blocked, is_deleted, post_text, time, time_delete, title, author_id) values (98, true, true, 'Insertion of other (naso-)gastric tube', '2023-01-01 00:00:00', '2023-01-01 00:00:00', 'Dr', 98);
insert into posts (id, is_blocked, is_deleted, post_text, time, time_delete, title, author_id) values (99, true, false, 'Simple suture of common bile duct', '2023-01-01 00:00:00', '2023-01-01 00:00:00', 'Honorable', 99);
insert into posts (id, is_blocked, is_deleted, post_text, time, time_delete, title, author_id) values (100, false, false, 'Radical electrocoagulation of rectal lesion or tissue', '2023-01-01 00:00:00', '2023-01-01 00:00:00', 'Honorable', 100);

insert into post_comments (id, comment_text, is_blocked, is_deleted, time, parent_id, author_id, post_id) values (1, 'Mauris lacinia sapien quis libero. Nullam sit amet turpis elementum ligula vehicula consequat. Morbi a ipsum. Integer a nibh. In quis justo.', false, false, '2023-01-01 00:00:00', 1, 36, 78);
insert into post_comments (id, comment_text, is_blocked, is_deleted, time, parent_id, author_id, post_id) values (2, 'Aliquam non mauris. Morbi non lectus. Aliquam sit amet diam in magna bibendum imperdiet. Nullam orci pede, venenatis non, sodales sed, tincidunt eu, felis.', false, false, '2023-01-01 00:00:00', 1, 33, 19);
insert into post_comments (id, comment_text, is_blocked, is_deleted, time, parent_id, author_id, post_id) values (3, 'In hac habitasse platea dictumst. Etiam faucibus cursus urna. Ut tellus. Nulla ut erat id mauris vulputate elementum. Nullam varius.', true, false, '2023-01-01 00:00:00', 1, 47, 96);
insert into post_comments (id, comment_text, is_blocked, is_deleted, time, parent_id, author_id, post_id) values (4, 'Pellentesque at nulla.', false, true, '2023-01-01 00:00:00', 1, 6, 28);
insert into post_comments (id, comment_text, is_blocked, is_deleted, time, parent_id, author_id, post_id) values (5, 'Donec dapibus.', false, false, '2023-01-01 00:00:00', 1, 63, 13);
insert into post_comments (id, comment_text, is_blocked, is_deleted, time, parent_id, author_id, post_id) values (6, 'Integer aliquet, massa id lobortis convallis, tortor risus dapibus augue, vel accumsan tellus nisi eu orci. Mauris lacinia sapien quis libero.', true, true, '2023-01-01 00:00:00', 1, 30, 59);
insert into post_comments (id, comment_text, is_blocked, is_deleted, time, parent_id, author_id, post_id) values (7, 'Aliquam augue quam, sollicitudin vitae, consectetuer eget, rutrum at, lorem. Integer tincidunt ante vel ipsum. Praesent blandit lacinia erat.', true, true, '2023-01-01 00:00:00', 1, 92, 11);
insert into post_comments (id, comment_text, is_blocked, is_deleted, time, parent_id, author_id, post_id) values (8, 'Curabitur at ipsum ac tellus semper interdum.', false, true, '2023-01-01 00:00:00', 1, 48, 50);
insert into post_comments (id, comment_text, is_blocked, is_deleted, time, parent_id, author_id, post_id) values (9, 'In hac habitasse platea dictumst. Maecenas ut massa quis augue luctus tincidunt. Nulla mollis molestie lorem.', false, true, '2023-01-01 00:00:00', 1, 30, 65);
insert into post_comments (id, comment_text, is_blocked, is_deleted, time, parent_id, author_id, post_id) values (10, 'Cum sociis natoque penatibus et magnis dis parturient montes, nascetur ridiculus mus. Etiam vel augue. Vestibulum rutrum rutrum neque. Aenean auctor gravida sem.', false, true, '2023-01-01 00:00:00', 1, 67, 33);
insert into post_comments (id, comment_text, is_blocked, is_deleted, time, parent_id, author_id, post_id) values (11, 'Integer non velit. Donec diam neque, vestibulum eget, vulputate ut, ultrices vel, augue.', false, true, '2023-01-01 00:00:00', 1, 48, 22);
insert into post_comments (id, comment_text, is_blocked, is_deleted, time, parent_id, author_id, post_id) values (12, 'Morbi a ipsum. Integer a nibh. In quis justo.', true, true, '2023-01-01 00:00:00', 1, 8, 14);
insert into post_comments (id, comment_text, is_blocked, is_deleted, time, parent_id, author_id, post_id) values (13, 'Proin risus. Praesent lectus. Vestibulum quam sapien, varius ut, blandit non, interdum in, ante. Vestibulum ante ipsum primis in faucibus orci luctus et ultrices posuere cubilia Curae; Duis faucibus accumsan odio. Curabitur convallis.', false, false, '2023-01-01 00:00:00', 1, 75, 36);
insert into post_comments (id, comment_text, is_blocked, is_deleted, time, parent_id, author_id, post_id) values (14, 'Etiam vel augue. Vestibulum rutrum rutrum neque. Aenean auctor gravida sem. Praesent id massa id nisl venenatis lacinia.', true, true, '2023-01-01 00:00:00', 1, 3, 90);
insert into post_comments (id, comment_text, is_blocked, is_deleted, time, parent_id, author_id, post_id) values (15, 'Aliquam erat volutpat. In congue. Etiam justo.', false, true, '2023-01-01 00:00:00', 1, 74, 36);
insert into post_comments (id, comment_text, is_blocked, is_deleted, time, parent_id, author_id, post_id) values (16, 'Integer tincidunt ante vel ipsum. Praesent blandit lacinia erat. Vestibulum sed magna at nunc commodo placerat.', true, false, '2023-01-01 00:00:00', 1, 3, 77);
insert into post_comments (id, comment_text, is_blocked, is_deleted, time, parent_id, author_id, post_id) values (17, 'Lorem ipsum dolor sit amet, consectetuer adipiscing elit. Proin risus.', true, false, '2023-01-01 00:00:00', 1, 4, 75);
insert into post_comments (id, comment_text, is_blocked, is_deleted, time, parent_id, author_id, post_id) values (18, 'In hac habitasse platea dictumst.', false, false, '2023-01-01 00:00:00', 1, 49, 97);
insert into post_comments (id, comment_text, is_blocked, is_deleted, time, parent_id, author_id, post_id) values (19, 'Suspendisse ornare consequat lectus.', true, true, '2023-01-01 00:00:00', 1, 39, 52);
insert into post_comments (id, comment_text, is_blocked, is_deleted, time, parent_id, author_id, post_id) values (20, 'Vestibulum ante ipsum primis in faucibus orci luctus et ultrices posuere cubilia Curae; Duis faucibus accumsan odio.', true, true, '2023-01-01 00:00:00', 1, 90, 54);
insert into post_comments (id, comment_text, is_blocked, is_deleted, time, parent_id, author_id, post_id) values (21, 'Vivamus in felis eu sapien cursus vestibulum. Proin eu mi.', true, false, '2023-01-01 00:00:00', 1, 5, 47);
insert into post_comments (id, comment_text, is_blocked, is_deleted, time, parent_id, author_id, post_id) values (22, 'Phasellus id sapien in sapien iaculis congue. Vivamus metus arcu, adipiscing molestie, hendrerit at, vulputate vitae, nisl. Aenean lectus.', false, true, '2023-01-01 00:00:00', 1, 28, 20);
insert into post_comments (id, comment_text, is_blocked, is_deleted, time, parent_id, author_id, post_id) values (23, 'Pellentesque at nulla.', true, true, '2023-01-01 00:00:00', 1, 11, 41);
insert into post_comments (id, comment_text, is_blocked, is_deleted, time, parent_id, author_id, post_id) values (24, 'Donec dapibus. Duis at velit eu est congue elementum. In hac habitasse platea dictumst.', true, true, '2023-01-01 00:00:00', 1, 95, 61);
insert into post_comments (id, comment_text, is_blocked, is_deleted, time, parent_id, author_id, post_id) values (25, 'Aenean auctor gravida sem. Praesent id massa id nisl venenatis lacinia. Aenean sit amet justo.', false, false, '2023-01-01 00:00:00', 1, 25, 33);
insert into post_comments (id, comment_text, is_blocked, is_deleted, time, parent_id, author_id, post_id) values (26, 'Fusce lacus purus, aliquet at, feugiat non, pretium quis, lectus. Suspendisse potenti. In eleifend quam a odio. In hac habitasse platea dictumst.', false, false, '2023-01-01 00:00:00', 1, 13, 32);
insert into post_comments (id, comment_text, is_blocked, is_deleted, time, parent_id, author_id, post_id) values (27, 'Nullam porttitor lacus at turpis.', false, true, '2023-01-01 00:00:00', 1, 8, 85);
insert into post_comments (id, comment_text, is_blocked, is_deleted, time, parent_id, author_id, post_id) values (28, 'Aenean sit amet justo. Morbi ut odio. Cras mi pede, malesuada in, imperdiet et, commodo vulputate, justo. In blandit ultrices enim.', false, true, '2023-01-01 00:00:00', 1, 31, 16);
insert into post_comments (id, comment_text, is_blocked, is_deleted, time, parent_id, author_id, post_id) values (29, 'Pellentesque at nulla. Suspendisse potenti. Cras in purus eu magna vulputate luctus. Cum sociis natoque penatibus et magnis dis parturient montes, nascetur ridiculus mus. Vivamus vestibulum sagittis sapien.', true, false, '2023-01-01 00:00:00', 1, 33, 1);
insert into post_comments (id, comment_text, is_blocked, is_deleted, time, parent_id, author_id, post_id) values (30, 'Morbi vel lectus in quam fringilla rhoncus. Mauris enim leo, rhoncus sed, vestibulum sit amet, cursus id, turpis. Integer aliquet, massa id lobortis convallis, tortor risus dapibus augue, vel accumsan tellus nisi eu orci. Mauris lacinia sapien quis libero.', false, false, '2023-01-01 00:00:00', 1, 100, 69);
insert into post_comments (id, comment_text, is_blocked, is_deleted, time, parent_id, author_id, post_id) values (31, 'Aliquam sit amet diam in magna bibendum imperdiet. Nullam orci pede, venenatis non, sodales sed, tincidunt eu, felis.', false, true, '2023-01-01 00:00:00', 1, 68, 89);
insert into post_comments (id, comment_text, is_blocked, is_deleted, time, parent_id, author_id, post_id) values (32, 'Curabitur at ipsum ac tellus semper interdum. Mauris ullamcorper purus sit amet nulla.', true, true, '2023-01-01 00:00:00', 1, 43, 48);
insert into post_comments (id, comment_text, is_blocked, is_deleted, time, parent_id, author_id, post_id) values (33, 'Nullam porttitor lacus at turpis. Donec posuere metus vitae ipsum. Aliquam non mauris. Morbi non lectus. Aliquam sit amet diam in magna bibendum imperdiet.', true, true, '2023-01-01 00:00:00', 1, 26, 100);
insert into post_comments (id, comment_text, is_blocked, is_deleted, time, parent_id, author_id, post_id) values (34, 'Fusce lacus purus, aliquet at, feugiat non, pretium quis, lectus. Suspendisse potenti. In eleifend quam a odio. In hac habitasse platea dictumst.', true, true, '2023-01-01 00:00:00', 1, 81, 82);
insert into post_comments (id, comment_text, is_blocked, is_deleted, time, parent_id, author_id, post_id) values (35, 'Nunc nisl. Duis bibendum, felis sed interdum venenatis, turpis enim blandit mi, in porttitor pede justo eu massa.', true, false, '2023-01-01 00:00:00', 1, 24, 48);
insert into post_comments (id, comment_text, is_blocked, is_deleted, time, parent_id, author_id, post_id) values (36, 'In hac habitasse platea dictumst.', false, true, '2023-01-01 00:00:00', 1, 48, 85);
insert into post_comments (id, comment_text, is_blocked, is_deleted, time, parent_id, author_id, post_id) values (37, 'Vivamus in felis eu sapien cursus vestibulum. Proin eu mi. Nulla ac enim. In tempor, turpis nec euismod scelerisque, quam turpis adipiscing lorem, vitae mattis nibh ligula nec sem.', false, false, '2023-01-01 00:00:00', 1, 92, 41);
insert into post_comments (id, comment_text, is_blocked, is_deleted, time, parent_id, author_id, post_id) values (38, 'Maecenas leo odio, condimentum id, luctus nec, molestie sed, justo.', true, false, '2023-01-01 00:00:00', 1, 34, 3);
insert into post_comments (id, comment_text, is_blocked, is_deleted, time, parent_id, author_id, post_id) values (39, 'Aenean auctor gravida sem. Praesent id massa id nisl venenatis lacinia.', true, false, '2023-01-01 00:00:00', 1, 72, 27);
insert into post_comments (id, comment_text, is_blocked, is_deleted, time, parent_id, author_id, post_id) values (40, 'Fusce lacus purus, aliquet at, feugiat non, pretium quis, lectus. Suspendisse potenti. In eleifend quam a odio.', false, false, '2023-01-01 00:00:00', 1, 82, 100);
insert into post_comments (id, comment_text, is_blocked, is_deleted, time, parent_id, author_id, post_id) values (41, 'Donec quis orci eget orci vehicula condimentum. Curabitur in libero ut massa volutpat convallis. Morbi odio odio, elementum eu, interdum eu, tincidunt in, leo. Maecenas pulvinar lobortis est.', false, false, '2023-01-01 00:00:00', 1, 8, 5);
insert into post_comments (id, comment_text, is_blocked, is_deleted, time, parent_id, author_id, post_id) values (42, 'Aliquam non mauris. Morbi non lectus.', true, false, '2023-01-01 00:00:00', 1, 74, 29);
insert into post_comments (id, comment_text, is_blocked, is_deleted, time, parent_id, author_id, post_id) values (43, 'Pellentesque at nulla. Suspendisse potenti. Cras in purus eu magna vulputate luctus.', false, false, '2023-01-01 00:00:00', 1, 16, 43);
insert into post_comments (id, comment_text, is_blocked, is_deleted, time, parent_id, author_id, post_id) values (44, 'Etiam vel augue. Vestibulum rutrum rutrum neque. Aenean auctor gravida sem.', true, false, '2023-01-01 00:00:00', 1, 67, 93);
insert into post_comments (id, comment_text, is_blocked, is_deleted, time, parent_id, author_id, post_id) values (45, 'Mauris enim leo, rhoncus sed, vestibulum sit amet, cursus id, turpis. Integer aliquet, massa id lobortis convallis, tortor risus dapibus augue, vel accumsan tellus nisi eu orci.', false, true, '2023-01-01 00:00:00', 1, 28, 53);
insert into post_comments (id, comment_text, is_blocked, is_deleted, time, parent_id, author_id, post_id) values (46, 'Maecenas leo odio, condimentum id, luctus nec, molestie sed, justo. Pellentesque viverra pede ac diam.', true, false, '2023-01-01 00:00:00', 1, 55, 100);
insert into post_comments (id, comment_text, is_blocked, is_deleted, time, parent_id, author_id, post_id) values (47, 'Donec vitae nisi.', false, false, '2023-01-01 00:00:00', 1, 15, 86);
insert into post_comments (id, comment_text, is_blocked, is_deleted, time, parent_id, author_id, post_id) values (48, 'Nullam orci pede, venenatis non, sodales sed, tincidunt eu, felis. Fusce posuere felis sed lacus.', true, false, '2023-01-01 00:00:00', 1, 78, 21);
insert into post_comments (id, comment_text, is_blocked, is_deleted, time, parent_id, author_id, post_id) values (49, 'Phasellus sit amet erat. Nulla tempus. Vivamus in felis eu sapien cursus vestibulum.', false, false, '2023-01-01 00:00:00', 1, 50, 11);
insert into post_comments (id, comment_text, is_blocked, is_deleted, time, parent_id, author_id, post_id) values (50, 'Aliquam augue quam, sollicitudin vitae, consectetuer eget, rutrum at, lorem. Integer tincidunt ante vel ipsum. Praesent blandit lacinia erat.', false, true, '2023-01-01 00:00:00', 1, 65, 57);
insert into post_comments (id, comment_text, is_blocked, is_deleted, time, parent_id, author_id, post_id) values (51, 'Nulla ut erat id mauris vulputate elementum. Nullam varius. Nulla facilisi. Cras non velit nec nisi vulputate nonummy.', false, true, '2023-01-01 00:00:00', 1, 86, 77);
insert into post_comments (id, comment_text, is_blocked, is_deleted, time, parent_id, author_id, post_id) values (52, 'Cras mi pede, malesuada in, imperdiet et, commodo vulputate, justo. In blandit ultrices enim. Lorem ipsum dolor sit amet, consectetuer adipiscing elit. Proin interdum mauris non ligula pellentesque ultrices. Phasellus id sapien in sapien iaculis congue.', true, false, '2023-01-01 00:00:00', 1, 68, 30);
insert into post_comments (id, comment_text, is_blocked, is_deleted, time, parent_id, author_id, post_id) values (53, 'Morbi vel lectus in quam fringilla rhoncus.', true, false, '2023-01-01 00:00:00', 1, 80, 99);
insert into post_comments (id, comment_text, is_blocked, is_deleted, time, parent_id, author_id, post_id) values (54, 'Suspendisse ornare consequat lectus.', true, false, '2023-01-01 00:00:00', 1, 13, 71);
insert into post_comments (id, comment_text, is_blocked, is_deleted, time, parent_id, author_id, post_id) values (55, 'Donec odio justo, sollicitudin ut, suscipit a, feugiat et, eros. Vestibulum ac est lacinia nisi venenatis tristique. Fusce congue, diam id ornare imperdiet, sapien urna pretium nisl, ut volutpat sapien arcu sed augue. Aliquam erat volutpat.', false, true, '2023-01-01 00:00:00', 1, 18, 27);
insert into post_comments (id, comment_text, is_blocked, is_deleted, time, parent_id, author_id, post_id) values (56, 'Vestibulum quam sapien, varius ut, blandit non, interdum in, ante.', false, true, '2023-01-01 00:00:00', 1, 83, 65);
insert into post_comments (id, comment_text, is_blocked, is_deleted, time, parent_id, author_id, post_id) values (57, 'Integer ac leo. Pellentesque ultrices mattis odio. Donec vitae nisi. Nam ultrices, libero non mattis pulvinar, nulla pede ullamcorper augue, a suscipit nulla elit ac nulla. Sed vel enim sit amet nunc viverra dapibus.', true, true, '2023-01-01 00:00:00', 1, 8, 49);
insert into post_comments (id, comment_text, is_blocked, is_deleted, time, parent_id, author_id, post_id) values (58, 'Integer ac neque. Duis bibendum.', false, false, '2023-01-01 00:00:00', 1, 68, 29);
insert into post_comments (id, comment_text, is_blocked, is_deleted, time, parent_id, author_id, post_id) values (59, 'Vivamus vel nulla eget eros elementum pellentesque. Quisque porta volutpat erat. Quisque erat eros, viverra eget, congue eget, semper rutrum, nulla. Nunc purus. Phasellus in felis.', false, false, '2023-01-01 00:00:00', 1, 10, 29);
insert into post_comments (id, comment_text, is_blocked, is_deleted, time, parent_id, author_id, post_id) values (60, 'Suspendisse ornare consequat lectus.', true, false, '2023-01-01 00:00:00', 1, 56, 35);
insert into post_comments (id, comment_text, is_blocked, is_deleted, time, parent_id, author_id, post_id) values (61, 'Cum sociis natoque penatibus et magnis dis parturient montes, nascetur ridiculus mus. Etiam vel augue. Vestibulum rutrum rutrum neque. Aenean auctor gravida sem. Praesent id massa id nisl venenatis lacinia.', false, false, '2023-01-01 00:00:00', 1, 92, 87);
insert into post_comments (id, comment_text, is_blocked, is_deleted, time, parent_id, author_id, post_id) values (62, 'Nulla tempus. Vivamus in felis eu sapien cursus vestibulum. Proin eu mi. Nulla ac enim. In tempor, turpis nec euismod scelerisque, quam turpis adipiscing lorem, vitae mattis nibh ligula nec sem.', false, false, '2023-01-01 00:00:00', 1, 4, 83);
insert into post_comments (id, comment_text, is_blocked, is_deleted, time, parent_id, author_id, post_id) values (63, 'In hac habitasse platea dictumst. Morbi vestibulum, velit id pretium iaculis, diam erat fermentum justo, nec condimentum neque sapien placerat ante. Nulla justo. Aliquam quis turpis eget elit sodales scelerisque. Mauris sit amet eros.', true, true, '2023-01-01 00:00:00', 1, 53, 22);
insert into post_comments (id, comment_text, is_blocked, is_deleted, time, parent_id, author_id, post_id) values (64, 'Maecenas tristique, est et tempus semper, est quam pharetra magna, ac consequat metus sapien ut nunc. Vestibulum ante ipsum primis in faucibus orci luctus et ultrices posuere cubilia Curae; Mauris viverra diam vitae quam. Suspendisse potenti. Nullam porttitor lacus at turpis.', false, true, '2023-01-01 00:00:00', 1, 22, 55);
insert into post_comments (id, comment_text, is_blocked, is_deleted, time, parent_id, author_id, post_id) values (65, 'Donec ut mauris eget massa tempor convallis. Nulla neque libero, convallis eget, eleifend luctus, ultricies eu, nibh. Quisque id justo sit amet sapien dignissim vestibulum. Vestibulum ante ipsum primis in faucibus orci luctus et ultrices posuere cubilia Curae; Nulla dapibus dolor vel est.', true, true, '2023-01-01 00:00:00', 1, 87, 10);
insert into post_comments (id, comment_text, is_blocked, is_deleted, time, parent_id, author_id, post_id) values (66, 'In hac habitasse platea dictumst. Maecenas ut massa quis augue luctus tincidunt. Nulla mollis molestie lorem. Quisque ut erat.', true, false, '2023-01-01 00:00:00', 1, 41, 4);
insert into post_comments (id, comment_text, is_blocked, is_deleted, time, parent_id, author_id, post_id) values (67, 'Donec dapibus.', true, false, '2023-01-01 00:00:00', 1, 8, 29);
insert into post_comments (id, comment_text, is_blocked, is_deleted, time, parent_id, author_id, post_id) values (68, 'Pellentesque ultrices mattis odio. Donec vitae nisi. Nam ultrices, libero non mattis pulvinar, nulla pede ullamcorper augue, a suscipit nulla elit ac nulla. Sed vel enim sit amet nunc viverra dapibus.', true, true, '2023-01-01 00:00:00', 1, 94, 53);
insert into post_comments (id, comment_text, is_blocked, is_deleted, time, parent_id, author_id, post_id) values (69, 'Donec semper sapien a libero. Nam dui. Proin leo odio, porttitor id, consequat in, consequat ut, nulla. Sed accumsan felis. Ut at dolor quis odio consequat varius.', false, true, '2023-01-01 00:00:00', 1, 39, 96);
insert into post_comments (id, comment_text, is_blocked, is_deleted, time, parent_id, author_id, post_id) values (70, 'Maecenas ut massa quis augue luctus tincidunt. Nulla mollis molestie lorem.', true, false, '2023-01-01 00:00:00', 1, 99, 41);
insert into post_comments (id, comment_text, is_blocked, is_deleted, time, parent_id, author_id, post_id) values (71, 'Proin interdum mauris non ligula pellentesque ultrices. Phasellus id sapien in sapien iaculis congue. Vivamus metus arcu, adipiscing molestie, hendrerit at, vulputate vitae, nisl.', true, true, '2023-01-01 00:00:00', 1, 38, 28);
insert into post_comments (id, comment_text, is_blocked, is_deleted, time, parent_id, author_id, post_id) values (72, 'Morbi ut odio.', true, true, '2023-01-01 00:00:00', 1, 1, 61);
insert into post_comments (id, comment_text, is_blocked, is_deleted, time, parent_id, author_id, post_id) values (73, 'In tempor, turpis nec euismod scelerisque, quam turpis adipiscing lorem, vitae mattis nibh ligula nec sem. Duis aliquam convallis nunc.', false, false, '2023-01-01 00:00:00', 1, 12, 77);
insert into post_comments (id, comment_text, is_blocked, is_deleted, time, parent_id, author_id, post_id) values (74, 'Nullam varius. Nulla facilisi. Cras non velit nec nisi vulputate nonummy. Maecenas tincidunt lacus at velit.', true, false, '2023-01-01 00:00:00', 1, 59, 91);
insert into post_comments (id, comment_text, is_blocked, is_deleted, time, parent_id, author_id, post_id) values (75, 'Nullam orci pede, venenatis non, sodales sed, tincidunt eu, felis. Fusce posuere felis sed lacus. Morbi sem mauris, laoreet ut, rhoncus aliquet, pulvinar sed, nisl.', true, false, '2023-01-01 00:00:00', 1, 6, 17);
insert into post_comments (id, comment_text, is_blocked, is_deleted, time, parent_id, author_id, post_id) values (76, 'Donec vitae nisi. Nam ultrices, libero non mattis pulvinar, nulla pede ullamcorper augue, a suscipit nulla elit ac nulla. Sed vel enim sit amet nunc viverra dapibus. Nulla suscipit ligula in lacus.', true, true, '2023-01-01 00:00:00', 1, 7, 3);
insert into post_comments (id, comment_text, is_blocked, is_deleted, time, parent_id, author_id, post_id) values (77, 'Vestibulum ante ipsum primis in faucibus orci luctus et ultrices posuere cubilia Curae; Donec pharetra, magna vestibulum aliquet ultrices, erat tortor sollicitudin mi, sit amet lobortis sapien sapien non mi. Integer ac neque.', true, true, '2023-01-01 00:00:00', 1, 2, 46);
insert into post_comments (id, comment_text, is_blocked, is_deleted, time, parent_id, author_id, post_id) values (78, 'Nulla suscipit ligula in lacus. Curabitur at ipsum ac tellus semper interdum. Mauris ullamcorper purus sit amet nulla.', true, false, '2023-01-01 00:00:00', 1, 52, 31);
insert into post_comments (id, comment_text, is_blocked, is_deleted, time, parent_id, author_id, post_id) values (79, 'Cras mi pede, malesuada in, imperdiet et, commodo vulputate, justo. In blandit ultrices enim. Lorem ipsum dolor sit amet, consectetuer adipiscing elit. Proin interdum mauris non ligula pellentesque ultrices. Phasellus id sapien in sapien iaculis congue.', false, true, '2023-01-01 00:00:00', 1, 35, 62);
insert into post_comments (id, comment_text, is_blocked, is_deleted, time, parent_id, author_id, post_id) values (80, 'Cras in purus eu magna vulputate luctus.', false, false, '2023-01-01 00:00:00', 1, 26, 94);
insert into post_comments (id, comment_text, is_blocked, is_deleted, time, parent_id, author_id, post_id) values (81, 'Curabitur in libero ut massa volutpat convallis. Morbi odio odio, elementum eu, interdum eu, tincidunt in, leo. Maecenas pulvinar lobortis est. Phasellus sit amet erat. Nulla tempus.', true, true, '2023-01-01 00:00:00', 1, 63, 29);
insert into post_comments (id, comment_text, is_blocked, is_deleted, time, parent_id, author_id, post_id) values (82, 'Pellentesque viverra pede ac diam. Cras pellentesque volutpat dui. Maecenas tristique, est et tempus semper, est quam pharetra magna, ac consequat metus sapien ut nunc.', false, false, '2023-01-01 00:00:00', 1, 92, 60);
insert into post_comments (id, comment_text, is_blocked, is_deleted, time, parent_id, author_id, post_id) values (83, 'Integer non velit. Donec diam neque, vestibulum eget, vulputate ut, ultrices vel, augue.', true, false, '2023-01-01 00:00:00', 1, 94, 98);
insert into post_comments (id, comment_text, is_blocked, is_deleted, time, parent_id, author_id, post_id) values (84, 'In hac habitasse platea dictumst. Etiam faucibus cursus urna.', true, false, '2023-01-01 00:00:00', 1, 97, 42);
insert into post_comments (id, comment_text, is_blocked, is_deleted, time, parent_id, author_id, post_id) values (85, 'In sagittis dui vel nisl.', true, false, '2023-01-01 00:00:00', 1, 87, 14);
insert into post_comments (id, comment_text, is_blocked, is_deleted, time, parent_id, author_id, post_id) values (86, 'Suspendisse potenti. Nullam porttitor lacus at turpis. Donec posuere metus vitae ipsum. Aliquam non mauris. Morbi non lectus.', true, true, '2023-01-01 00:00:00', 1, 36, 42);
insert into post_comments (id, comment_text, is_blocked, is_deleted, time, parent_id, author_id, post_id) values (87, 'Sed accumsan felis. Ut at dolor quis odio consequat varius. Integer ac leo.', false, false, '2023-01-01 00:00:00', 1, 50, 9);
insert into post_comments (id, comment_text, is_blocked, is_deleted, time, parent_id, author_id, post_id) values (88, 'Maecenas ut massa quis augue luctus tincidunt.', false, true, '2023-01-01 00:00:00', 1, 91, 89);
insert into post_comments (id, comment_text, is_blocked, is_deleted, time, parent_id, author_id, post_id) values (89, 'Cras pellentesque volutpat dui. Maecenas tristique, est et tempus semper, est quam pharetra magna, ac consequat metus sapien ut nunc. Vestibulum ante ipsum primis in faucibus orci luctus et ultrices posuere cubilia Curae; Mauris viverra diam vitae quam. Suspendisse potenti.', true, true, '2023-01-01 00:00:00', 1, 19, 63);
insert into post_comments (id, comment_text, is_blocked, is_deleted, time, parent_id, author_id, post_id) values (90, 'Duis bibendum, felis sed interdum venenatis, turpis enim blandit mi, in porttitor pede justo eu massa. Donec dapibus. Duis at velit eu est congue elementum. In hac habitasse platea dictumst. Morbi vestibulum, velit id pretium iaculis, diam erat fermentum justo, nec condimentum neque sapien placerat ante.', false, false, '2023-01-01 00:00:00', 1, 67, 43);
insert into post_comments (id, comment_text, is_blocked, is_deleted, time, parent_id, author_id, post_id) values (91, 'Nam nulla.', true, false, '2023-01-01 00:00:00', 1, 46, 15);
insert into post_comments (id, comment_text, is_blocked, is_deleted, time, parent_id, author_id, post_id) values (92, 'Donec ut dolor. Morbi vel lectus in quam fringilla rhoncus. Mauris enim leo, rhoncus sed, vestibulum sit amet, cursus id, turpis.', false, false, '2023-01-01 00:00:00', 1, 40, 12);
insert into post_comments (id, comment_text, is_blocked, is_deleted, time, parent_id, author_id, post_id) values (93, 'Donec vitae nisi. Nam ultrices, libero non mattis pulvinar, nulla pede ullamcorper augue, a suscipit nulla elit ac nulla. Sed vel enim sit amet nunc viverra dapibus. Nulla suscipit ligula in lacus.', false, false, '2023-01-01 00:00:00', 1, 81, 11);
insert into post_comments (id, comment_text, is_blocked, is_deleted, time, parent_id, author_id, post_id) values (94, 'Donec odio justo, sollicitudin ut, suscipit a, feugiat et, eros. Vestibulum ac est lacinia nisi venenatis tristique. Fusce congue, diam id ornare imperdiet, sapien urna pretium nisl, ut volutpat sapien arcu sed augue.', true, true, '2023-01-01 00:00:00', 1, 52, 15);
insert into post_comments (id, comment_text, is_blocked, is_deleted, time, parent_id, author_id, post_id) values (95, 'Fusce posuere felis sed lacus. Morbi sem mauris, laoreet ut, rhoncus aliquet, pulvinar sed, nisl.', false, false, '2023-01-01 00:00:00', 1, 35, 41);
insert into post_comments (id, comment_text, is_blocked, is_deleted, time, parent_id, author_id, post_id) values (96, 'Suspendisse ornare consequat lectus. In est risus, auctor sed, tristique in, tempus sit amet, sem. Fusce consequat. Nulla nisl. Nunc nisl.', true, false, '2023-01-01 00:00:00', 1, 45, 17);
insert into post_comments (id, comment_text, is_blocked, is_deleted, time, parent_id, author_id, post_id) values (97, 'Integer aliquet, massa id lobortis convallis, tortor risus dapibus augue, vel accumsan tellus nisi eu orci.', true, true, '2023-01-01 00:00:00', 1, 31, 25);
insert into post_comments (id, comment_text, is_blocked, is_deleted, time, parent_id, author_id, post_id) values (98, 'Cras non velit nec nisi vulputate nonummy. Maecenas tincidunt lacus at velit.', false, true, '2023-01-01 00:00:00', 1, 10, 64);
insert into post_comments (id, comment_text, is_blocked, is_deleted, time, parent_id, author_id, post_id) values (99, 'Duis consequat dui nec nisi volutpat eleifend. Donec ut dolor. Morbi vel lectus in quam fringilla rhoncus. Mauris enim leo, rhoncus sed, vestibulum sit amet, cursus id, turpis.', false, true, '2023-01-01 00:00:00', 1, 9, 22);
insert into post_comments (id, comment_text, is_blocked, is_deleted, time, parent_id, author_id, post_id) values (100, 'Curabitur convallis. Duis consequat dui nec nisi volutpat eleifend. Donec ut dolor. Morbi vel lectus in quam fringilla rhoncus.', false, false, '2023-01-01 00:00:00', 1, 7, 87);

insert into likes (id, type, entity_id, time, person_id) values (1, 'aliquet', 22, '2023-01-01 00:00:00', 4);
insert into likes (id, type, entity_id, time, person_id) values (2, 'cubilia', 49, '2023-01-01 00:00:00', 7);
insert into likes (id, type, entity_id, time, person_id) values (3, 'dolor', 60, '2023-01-01 00:00:00', 84);
insert into likes (id, type, entity_id, time, person_id) values (4, 'potenti', 6, '2023-01-01 00:00:00', 54);
insert into likes (id, type, entity_id, time, person_id) values (5, 'aliquet', 16, '2023-01-01 00:00:00', 11);
insert into likes (id, type, entity_id, time, person_id) values (6, 'vestibulum', 82, '2023-01-01 00:00:00', 77);
insert into likes (id, type, entity_id, time, person_id) values (7, 'proin', 45, '2023-01-01 00:00:00', 74);
insert into likes (id, type, entity_id, time, person_id) values (8, 'condimentum', 81, '2023-01-01 00:00:00', 95);
insert into likes (id, type, entity_id, time, person_id) values (9, 'est', 23, '2023-01-01 00:00:00', 90);
insert into likes (id, type, entity_id, time, person_id) values (10, 'ultrices', 70, '2023-01-01 00:00:00', 22);
insert into likes (id, type, entity_id, time, person_id) values (11, 'consequat', 76, '2023-01-01 00:00:00', 82);
insert into likes (id, type, entity_id, time, person_id) values (12, 'ultrices', 77, '2023-01-01 00:00:00', 1);
insert into likes (id, type, entity_id, time, person_id) values (13, 'risus', 32, '2023-01-01 00:00:00', 90);
insert into likes (id, type, entity_id, time, person_id) values (14, 'non', 54, '2023-01-01 00:00:00', 65);
insert into likes (id, type, entity_id, time, person_id) values (15, 'interdum', 88, '2023-01-01 00:00:00', 80);
insert into likes (id, type, entity_id, time, person_id) values (16, 'dui', 35, '2023-01-01 00:00:00', 39);
insert into likes (id, type, entity_id, time, person_id) values (17, 'purus', 10, '2023-01-01 00:00:00', 17);
insert into likes (id, type, entity_id, time, person_id) values (18, 'turpis', 88, '2023-01-01 00:00:00', 95);
insert into likes (id, type, entity_id, time, person_id) values (19, 'tristique', 26, '2023-01-01 00:00:00', 42);
insert into likes (id, type, entity_id, time, person_id) values (20, 'in', 6, '2023-01-01 00:00:00', 78);
insert into likes (id, type, entity_id, time, person_id) values (21, 'dui', 62, '2023-01-01 00:00:00', 33);
insert into likes (id, type, entity_id, time, person_id) values (22, 'ac', 28, '2023-01-01 00:00:00', 16);
insert into likes (id, type, entity_id, time, person_id) values (23, 'luctus', 91, '2023-01-01 00:00:00', 77);
insert into likes (id, type, entity_id, time, person_id) values (24, 'augue', 15, '2023-01-01 00:00:00', 49);
insert into likes (id, type, entity_id, time, person_id) values (25, 'turpis', 94, '2023-01-01 00:00:00', 28);
insert into likes (id, type, entity_id, time, person_id) values (26, 'turpis', 21, '2023-01-01 00:00:00', 58);
insert into likes (id, type, entity_id, time, person_id) values (27, 'habitasse', 73, '2023-01-01 00:00:00', 41);
insert into likes (id, type, entity_id, time, person_id) values (28, 'orci', 6, '2023-01-01 00:00:00', 29);
insert into likes (id, type, entity_id, time, person_id) values (29, 'nisi', 18, '2023-01-01 00:00:00', 47);
insert into likes (id, type, entity_id, time, person_id) values (30, 'nulla', 58, '2023-01-01 00:00:00', 83);
insert into likes (id, type, entity_id, time, person_id) values (31, 'eros', 90, '2023-01-01 00:00:00', 36);
insert into likes (id, type, entity_id, time, person_id) values (32, 'ullamcorper', 74, '2023-01-01 00:00:00', 54);
insert into likes (id, type, entity_id, time, person_id) values (33, 'sapien', 31, '2023-01-01 00:00:00', 96);
insert into likes (id, type, entity_id, time, person_id) values (34, 'nisi', 2, '2023-01-01 00:00:00', 95);
insert into likes (id, type, entity_id, time, person_id) values (35, 'id', 34, '2023-01-01 00:00:00', 83);
insert into likes (id, type, entity_id, time, person_id) values (36, 'lorem', 98, '2023-01-01 00:00:00', 18);
insert into likes (id, type, entity_id, time, person_id) values (37, 'tortor', 55, '2023-01-01 00:00:00', 27);
insert into likes (id, type, entity_id, time, person_id) values (38, 'dapibus', 79, '2023-01-01 00:00:00', 10);
insert into likes (id, type, entity_id, time, person_id) values (39, 'vehicula', 70, '2023-01-01 00:00:00', 21);
insert into likes (id, type, entity_id, time, person_id) values (40, 'proin', 88, '2023-01-01 00:00:00', 49);
insert into likes (id, type, entity_id, time, person_id) values (41, 'neque', 4, '2023-01-01 00:00:00', 79);
insert into likes (id, type, entity_id, time, person_id) values (42, 'leo', 56, '2023-01-01 00:00:00', 62);
insert into likes (id, type, entity_id, time, person_id) values (43, 'parturient', 75, '2023-01-01 00:00:00', 66);
insert into likes (id, type, entity_id, time, person_id) values (44, 'convallis', 16, '2023-01-01 00:00:00', 83);
insert into likes (id, type, entity_id, time, person_id) values (45, 'volutpat', 32, '2023-01-01 00:00:00', 72);
insert into likes (id, type, entity_id, time, person_id) values (46, 'nec', 50, '2023-01-01 00:00:00', 42);
insert into likes (id, type, entity_id, time, person_id) values (47, 'mi', 66, '2023-01-01 00:00:00', 66);
insert into likes (id, type, entity_id, time, person_id) values (48, 'sit', 16, '2023-01-01 00:00:00', 90);
insert into likes (id, type, entity_id, time, person_id) values (49, 'pretium', 58, '2023-01-01 00:00:00', 76);
insert into likes (id, type, entity_id, time, person_id) values (50, 'gravida', 69, '2023-01-01 00:00:00', 86);
insert into likes (id, type, entity_id, time, person_id) values (51, 'congue', 37, '2023-01-01 00:00:00', 13);
insert into likes (id, type, entity_id, time, person_id) values (52, 'aliquam', 72, '2023-01-01 00:00:00', 25);
insert into likes (id, type, entity_id, time, person_id) values (53, 'sit', 26, '2023-01-01 00:00:00', 72);
insert into likes (id, type, entity_id, time, person_id) values (54, 'ultrices', 59, '2023-01-01 00:00:00', 31);
insert into likes (id, type, entity_id, time, person_id) values (55, 'ante', 44, '2023-01-01 00:00:00', 12);
insert into likes (id, type, entity_id, time, person_id) values (56, 'semper', 1, '2023-01-01 00:00:00', 4);
insert into likes (id, type, entity_id, time, person_id) values (57, 'in', 21, '2023-01-01 00:00:00', 92);
insert into likes (id, type, entity_id, time, person_id) values (58, 'tempus', 87, '2023-01-01 00:00:00', 62);
insert into likes (id, type, entity_id, time, person_id) values (59, 'sed', 62, '2023-01-01 00:00:00', 18);
insert into likes (id, type, entity_id, time, person_id) values (60, 'maecenas', 56, '2023-01-01 00:00:00', 2);
insert into likes (id, type, entity_id, time, person_id) values (61, 'vestibulum', 10, '2023-01-01 00:00:00', 77);
insert into likes (id, type, entity_id, time, person_id) values (62, 'sit', 69, '2023-01-01 00:00:00', 68);
insert into likes (id, type, entity_id, time, person_id) values (63, 'ligula', 17, '2023-01-01 00:00:00', 89);
insert into likes (id, type, entity_id, time, person_id) values (64, 'vel', 57, '2023-01-01 00:00:00', 52);
insert into likes (id, type, entity_id, time, person_id) values (65, 'neque', 65, '2023-01-01 00:00:00', 48);
insert into likes (id, type, entity_id, time, person_id) values (66, 'non', 89, '2023-01-01 00:00:00', 79);
insert into likes (id, type, entity_id, time, person_id) values (67, 'justo', 51, '2023-01-01 00:00:00', 42);
insert into likes (id, type, entity_id, time, person_id) values (68, 'pede', 96, '2023-01-01 00:00:00', 50);
insert into likes (id, type, entity_id, time, person_id) values (69, 'quam', 50, '2023-01-01 00:00:00', 1);
insert into likes (id, type, entity_id, time, person_id) values (70, 'quisque', 57, '2023-01-01 00:00:00', 89);
insert into likes (id, type, entity_id, time, person_id) values (71, 'lectus', 50, '2023-01-01 00:00:00', 10);
insert into likes (id, type, entity_id, time, person_id) values (72, 'rhoncus', 91, '2023-01-01 00:00:00', 38);
insert into likes (id, type, entity_id, time, person_id) values (73, 'nec', 27, '2023-01-01 00:00:00', 68);
insert into likes (id, type, entity_id, time, person_id) values (74, 'molestie', 52, '2023-01-01 00:00:00', 41);
insert into likes (id, type, entity_id, time, person_id) values (75, 'adipiscing', 63, '2023-01-01 00:00:00', 53);
insert into likes (id, type, entity_id, time, person_id) values (76, 'quis', 31, '2023-01-01 00:00:00', 36);
insert into likes (id, type, entity_id, time, person_id) values (77, 'fringilla', 58, '2023-01-01 00:00:00', 97);
insert into likes (id, type, entity_id, time, person_id) values (78, 'sem', 15, '2023-01-01 00:00:00', 89);
insert into likes (id, type, entity_id, time, person_id) values (79, 'parturient', 48, '2023-01-01 00:00:00', 51);
insert into likes (id, type, entity_id, time, person_id) values (80, 'turpis', 62, '2023-01-01 00:00:00', 91);
insert into likes (id, type, entity_id, time, person_id) values (81, 'lacinia', 13, '2023-01-01 00:00:00', 57);
insert into likes (id, type, entity_id, time, person_id) values (82, 'posuere', 60, '2023-01-01 00:00:00', 68);
insert into likes (id, type, entity_id, time, person_id) values (83, 'faucibus', 97, '2023-01-01 00:00:00', 49);
insert into likes (id, type, entity_id, time, person_id) values (84, 'elementum', 43, '2023-01-01 00:00:00', 72);
insert into likes (id, type, entity_id, time, person_id) values (85, 'curabitur', 53, '2023-01-01 00:00:00', 63);
insert into likes (id, type, entity_id, time, person_id) values (86, 'sapien', 64, '2023-01-01 00:00:00', 43);
insert into likes (id, type, entity_id, time, person_id) values (87, 'maecenas', 73, '2023-01-01 00:00:00', 27);
insert into likes (id, type, entity_id, time, person_id) values (88, 'quam', 1, '2023-01-01 00:00:00', 51);
insert into likes (id, type, entity_id, time, person_id) values (89, 'dolor', 21, '2023-01-01 00:00:00', 35);
insert into likes (id, type, entity_id, time, person_id) values (90, 'potenti', 22, '2023-01-01 00:00:00', 41);
insert into likes (id, type, entity_id, time, person_id) values (91, 'ullamcorper', 19, '2023-01-01 00:00:00', 31);
insert into likes (id, type, entity_id, time, person_id) values (92, 'cursus', 87, '2023-01-01 00:00:00', 82);
insert into likes (id, type, entity_id, time, person_id) values (93, 'in', 46, '2023-01-01 00:00:00', 73);
insert into likes (id, type, entity_id, time, person_id) values (94, 'id', 4, '2023-01-01 00:00:00', 33);
insert into likes (id, type, entity_id, time, person_id) values (95, 'nulla', 52, '2023-01-01 00:00:00', 22);
insert into likes (id, type, entity_id, time, person_id) values (96, 'mauris', 9, '2023-01-01 00:00:00', 46);
insert into likes (id, type, entity_id, time, person_id) values (97, 'libero', 48, '2023-01-01 00:00:00', 71);
insert into likes (id, type, entity_id, time, person_id) values (98, 'turpis', 33, '2023-01-01 00:00:00', 24);
insert into likes (id, type, entity_id, time, person_id) values (99, 'at', 57, '2023-01-01 00:00:00', 60);
insert into likes (id, type, entity_id, time, person_id) values (100, 'nec', 59, '2023-01-01 00:00:00', 4);

insert into tags (id, tag) values (1, 'ut');
insert into tags (id, tag) values (2, 'nulla');
insert into tags (id, tag) values (3, 'vel');
insert into tags (id, tag) values (4, 'sem');
insert into tags (id, tag) values (5, 'vel');
insert into tags (id, tag) values (6, 'ridiculus');
insert into tags (id, tag) values (7, 'tristique');
insert into tags (id, tag) values (8, 'eu');
insert into tags (id, tag) values (9, 'sed');
insert into tags (id, tag) values (10, 'proin');
insert into tags (id, tag) values (11, 'cubilia');
insert into tags (id, tag) values (12, 'tincidunt');
insert into tags (id, tag) values (13, 'lacinia');
insert into tags (id, tag) values (14, 'sit');
insert into tags (id, tag) values (15, 'quam');
insert into tags (id, tag) values (16, 'quis');
insert into tags (id, tag) values (17, 'nunc');
insert into tags (id, tag) values (18, 'at');
insert into tags (id, tag) values (19, 'quam');
insert into tags (id, tag) values (20, 'fusce');
insert into tags (id, tag) values (21, 'integer');
insert into tags (id, tag) values (22, 'consequat');
insert into tags (id, tag) values (23, 'aliquet');
insert into tags (id, tag) values (24, 'condimentum');
insert into tags (id, tag) values (25, 'auctor');
insert into tags (id, tag) values (26, 'viverra');
insert into tags (id, tag) values (27, 'vitae');
insert into tags (id, tag) values (28, 'primis');
insert into tags (id, tag) values (29, 'at');
insert into tags (id, tag) values (30, 'non');
insert into tags (id, tag) values (31, 'nec');
insert into tags (id, tag) values (32, 'eget');
insert into tags (id, tag) values (33, 'imperdiet');
insert into tags (id, tag) values (34, 'blandit');
insert into tags (id, tag) values (35, 'gravida');
insert into tags (id, tag) values (36, 'ut');
insert into tags (id, tag) values (37, 'augue');
insert into tags (id, tag) values (38, 'imperdiet');
insert into tags (id, tag) values (39, 'aenean');
insert into tags (id, tag) values (40, 'nulla');
insert into tags (id, tag) values (41, 'libero');
insert into tags (id, tag) values (42, 'iaculis');
insert into tags (id, tag) values (43, 'rhoncus');
insert into tags (id, tag) values (44, 'luctus');
insert into tags (id, tag) values (45, 'placerat');
insert into tags (id, tag) values (46, 'in');
insert into tags (id, tag) values (47, 'iaculis');
insert into tags (id, tag) values (48, 'vestibulum');
insert into tags (id, tag) values (49, 'lobortis');
insert into tags (id, tag) values (50, 'vitae');
insert into tags (id, tag) values (51, 'turpis');
insert into tags (id, tag) values (52, 'non');
insert into tags (id, tag) values (53, 'id');
insert into tags (id, tag) values (54, 'magna');
insert into tags (id, tag) values (55, 'hendrerit');
insert into tags (id, tag) values (56, 'mauris');
insert into tags (id, tag) values (57, 'duis');
insert into tags (id, tag) values (58, 'nunc');
insert into tags (id, tag) values (59, 'mattis');
insert into tags (id, tag) values (60, 'velit');
insert into tags (id, tag) values (61, 'lectus');
insert into tags (id, tag) values (62, 'ut');
insert into tags (id, tag) values (63, 'ultrices');
insert into tags (id, tag) values (64, 'ornare');
insert into tags (id, tag) values (65, 'augue');
insert into tags (id, tag) values (66, 'nisi');
insert into tags (id, tag) values (67, 'in');
insert into tags (id, tag) values (68, 'nec');
insert into tags (id, tag) values (69, 'nullam');
insert into tags (id, tag) values (70, 'ligula');
insert into tags (id, tag) values (71, 'phasellus');
insert into tags (id, tag) values (72, 'diam');
insert into tags (id, tag) values (73, 'at');
insert into tags (id, tag) values (74, 'auctor');
insert into tags (id, tag) values (75, 'fermentum');
insert into tags (id, tag) values (76, 'nisi');
insert into tags (id, tag) values (77, 'semper');
insert into tags (id, tag) values (78, 'curae');
insert into tags (id, tag) values (79, 'in');
insert into tags (id, tag) values (80, 'ut');
insert into tags (id, tag) values (81, 'amet');
insert into tags (id, tag) values (82, 'eget');
insert into tags (id, tag) values (83, 'venenatis');
insert into tags (id, tag) values (84, 'ipsum');
insert into tags (id, tag) values (85, 'suscipit');
insert into tags (id, tag) values (86, 'luctus');
insert into tags (id, tag) values (87, 'diam');
insert into tags (id, tag) values (88, 'porta');
insert into tags (id, tag) values (89, 'mauris');
insert into tags (id, tag) values (90, 'consequat');
insert into tags (id, tag) values (91, 'volutpat');
insert into tags (id, tag) values (92, 'et');
insert into tags (id, tag) values (93, 'pretium');
insert into tags (id, tag) values (94, 'molestie');
insert into tags (id, tag) values (95, 'odio');
insert into tags (id, tag) values (96, 'amet');
insert into tags (id, tag) values (97, 'amet');
insert into tags (id, tag) values (98, 'morbi');
insert into tags (id, tag) values (99, 'convallis');
insert into tags (id, tag) values (100, 'commodo');

insert into post2tag (id, post_id, tag_id) values (1, 1, 42);
insert into post2tag (id, post_id, tag_id) values (2, 2, 22);
insert into post2tag (id, post_id, tag_id) values (3, 3, 50);
insert into post2tag (id, post_id, tag_id) values (4, 4, 14);
insert into post2tag (id, post_id, tag_id) values (5, 5, 82);
insert into post2tag (id, post_id, tag_id) values (6, 6, 90);
insert into post2tag (id, post_id, tag_id) values (7, 7, 38);
insert into post2tag (id, post_id, tag_id) values (8, 8, 26);
insert into post2tag (id, post_id, tag_id) values (9, 9, 63);
insert into post2tag (id, post_id, tag_id) values (10, 10, 23);
insert into post2tag (id, post_id, tag_id) values (11, 11, 97);
insert into post2tag (id, post_id, tag_id) values (12, 12, 56);
insert into post2tag (id, post_id, tag_id) values (13, 13, 34);
insert into post2tag (id, post_id, tag_id) values (14, 14, 10);
insert into post2tag (id, post_id, tag_id) values (15, 15, 18);
insert into post2tag (id, post_id, tag_id) values (16, 16, 81);
insert into post2tag (id, post_id, tag_id) values (17, 17, 44);
insert into post2tag (id, post_id, tag_id) values (18, 18, 54);
insert into post2tag (id, post_id, tag_id) values (19, 19, 2);
insert into post2tag (id, post_id, tag_id) values (20, 20, 96);
insert into post2tag (id, post_id, tag_id) values (21, 21, 60);
insert into post2tag (id, post_id, tag_id) values (22, 22, 33);
insert into post2tag (id, post_id, tag_id) values (23, 23, 38);
insert into post2tag (id, post_id, tag_id) values (24, 24, 97);
insert into post2tag (id, post_id, tag_id) values (25, 25, 54);
insert into post2tag (id, post_id, tag_id) values (26, 26, 51);
insert into post2tag (id, post_id, tag_id) values (27, 27, 49);
insert into post2tag (id, post_id, tag_id) values (28, 28, 32);
insert into post2tag (id, post_id, tag_id) values (29, 29, 13);
insert into post2tag (id, post_id, tag_id) values (30, 30, 73);
insert into post2tag (id, post_id, tag_id) values (31, 31, 82);
insert into post2tag (id, post_id, tag_id) values (32, 32, 24);
insert into post2tag (id, post_id, tag_id) values (33, 33, 35);
insert into post2tag (id, post_id, tag_id) values (34, 34, 77);
insert into post2tag (id, post_id, tag_id) values (35, 35, 20);
insert into post2tag (id, post_id, tag_id) values (36, 36, 82);
insert into post2tag (id, post_id, tag_id) values (37, 37, 58);
insert into post2tag (id, post_id, tag_id) values (38, 38, 58);
insert into post2tag (id, post_id, tag_id) values (39, 39, 35);
insert into post2tag (id, post_id, tag_id) values (40, 40, 55);
insert into post2tag (id, post_id, tag_id) values (41, 41, 1);
insert into post2tag (id, post_id, tag_id) values (42, 42, 50);
insert into post2tag (id, post_id, tag_id) values (43, 43, 18);
insert into post2tag (id, post_id, tag_id) values (44, 44, 73);
insert into post2tag (id, post_id, tag_id) values (45, 45, 22);
insert into post2tag (id, post_id, tag_id) values (46, 46, 18);
insert into post2tag (id, post_id, tag_id) values (47, 47, 11);
insert into post2tag (id, post_id, tag_id) values (48, 48, 2);
insert into post2tag (id, post_id, tag_id) values (49, 49, 16);
insert into post2tag (id, post_id, tag_id) values (50, 50, 43);
insert into post2tag (id, post_id, tag_id) values (51, 51, 22);
insert into post2tag (id, post_id, tag_id) values (52, 52, 67);
insert into post2tag (id, post_id, tag_id) values (53, 53, 91);
insert into post2tag (id, post_id, tag_id) values (54, 54, 8);
insert into post2tag (id, post_id, tag_id) values (55, 55, 42);
insert into post2tag (id, post_id, tag_id) values (56, 56, 7);
insert into post2tag (id, post_id, tag_id) values (57, 57, 19);
insert into post2tag (id, post_id, tag_id) values (58, 58, 97);
insert into post2tag (id, post_id, tag_id) values (59, 59, 53);
insert into post2tag (id, post_id, tag_id) values (60, 60, 21);
insert into post2tag (id, post_id, tag_id) values (61, 61, 73);
insert into post2tag (id, post_id, tag_id) values (62, 62, 43);
insert into post2tag (id, post_id, tag_id) values (63, 63, 55);
insert into post2tag (id, post_id, tag_id) values (64, 64, 73);
insert into post2tag (id, post_id, tag_id) values (65, 65, 83);
insert into post2tag (id, post_id, tag_id) values (66, 66, 45);
insert into post2tag (id, post_id, tag_id) values (67, 67, 8);
insert into post2tag (id, post_id, tag_id) values (68, 68, 5);
insert into post2tag (id, post_id, tag_id) values (69, 69, 12);
insert into post2tag (id, post_id, tag_id) values (70, 70, 82);
insert into post2tag (id, post_id, tag_id) values (71, 71, 29);
insert into post2tag (id, post_id, tag_id) values (72, 72, 39);
insert into post2tag (id, post_id, tag_id) values (73, 73, 14);
insert into post2tag (id, post_id, tag_id) values (74, 74, 75);
insert into post2tag (id, post_id, tag_id) values (75, 75, 14);
insert into post2tag (id, post_id, tag_id) values (76, 76, 86);
insert into post2tag (id, post_id, tag_id) values (77, 77, 84);
insert into post2tag (id, post_id, tag_id) values (78, 78, 83);
insert into post2tag (id, post_id, tag_id) values (79, 79, 24);
insert into post2tag (id, post_id, tag_id) values (80, 80, 56);
insert into post2tag (id, post_id, tag_id) values (81, 81, 4);
insert into post2tag (id, post_id, tag_id) values (82, 82, 66);
insert into post2tag (id, post_id, tag_id) values (83, 83, 83);
insert into post2tag (id, post_id, tag_id) values (84, 84, 58);
insert into post2tag (id, post_id, tag_id) values (85, 85, 44);
insert into post2tag (id, post_id, tag_id) values (86, 86, 45);
insert into post2tag (id, post_id, tag_id) values (87, 87, 7);
insert into post2tag (id, post_id, tag_id) values (88, 88, 21);
insert into post2tag (id, post_id, tag_id) values (89, 89, 47);
insert into post2tag (id, post_id, tag_id) values (90, 90, 51);
insert into post2tag (id, post_id, tag_id) values (91, 91, 36);
insert into post2tag (id, post_id, tag_id) values (92, 92, 71);
insert into post2tag (id, post_id, tag_id) values (93, 93, 93);
insert into post2tag (id, post_id, tag_id) values (94, 94, 53);
insert into post2tag (id, post_id, tag_id) values (95, 95, 82);
insert into post2tag (id, post_id, tag_id) values (96, 96, 43);
insert into post2tag (id, post_id, tag_id) values (97, 97, 48);
insert into post2tag (id, post_id, tag_id) values (98, 98, 99);
insert into post2tag (id, post_id, tag_id) values (99, 99, 42);
insert into post2tag (id, post_id, tag_id) values (100, 100, 61);

insert into block_history (id, action, time, comment_id, person_id, post_id) values (1, 'tristique', '2023-01-01 00:00:00', 42, 25, 51);
insert into block_history (id, action, time, comment_id, person_id, post_id) values (2, 'dui', '2023-01-01 00:00:00', 17, 27, 72);
insert into block_history (id, action, time, comment_id, person_id, post_id) values (3, 'volutpat', '2023-01-01 00:00:00', 35, 67, 100);
insert into block_history (id, action, time, comment_id, person_id, post_id) values (4, 'in', '2023-01-01 00:00:00', 29, 42, 70);
insert into block_history (id, action, time, comment_id, person_id, post_id) values (5, 'bibendum', '2023-01-01 00:00:00', 40, 74, 25);
insert into block_history (id, action, time, comment_id, person_id, post_id) values (6, 'leo', '2023-01-01 00:00:00', 33, 68, 94);
insert into block_history (id, action, time, comment_id, person_id, post_id) values (7, 'sagittis', '2023-01-01 00:00:00', 78, 17, 64);
insert into block_history (id, action, time, comment_id, person_id, post_id) values (8, 'faucibus', '2023-01-01 00:00:00', 42, 63, 77);
insert into block_history (id, action, time, comment_id, person_id, post_id) values (9, 'at', '2023-01-01 00:00:00', 63, 53, 52);
insert into block_history (id, action, time, comment_id, person_id, post_id) values (10, 'in', '2023-01-01 00:00:00', 94, 18, 87);
insert into block_history (id, action, time, comment_id, person_id, post_id) values (11, 'sociis', '2023-01-01 00:00:00', 63, 74, 53);
insert into block_history (id, action, time, comment_id, person_id, post_id) values (12, 'massa', '2023-01-01 00:00:00', 52, 52, 14);
insert into block_history (id, action, time, comment_id, person_id, post_id) values (13, 'bibendum', '2023-01-01 00:00:00', 42, 32, 2);
insert into block_history (id, action, time, comment_id, person_id, post_id) values (14, 'accumsan', '2023-01-01 00:00:00', 88, 81, 75);
insert into block_history (id, action, time, comment_id, person_id, post_id) values (15, 'tortor', '2023-01-01 00:00:00', 25, 8, 48);
insert into block_history (id, action, time, comment_id, person_id, post_id) values (16, 'vel', '2023-01-01 00:00:00', 79, 34, 3);
insert into block_history (id, action, time, comment_id, person_id, post_id) values (17, 'maecenas', '2023-01-01 00:00:00', 38, 4, 36);
insert into block_history (id, action, time, comment_id, person_id, post_id) values (18, 'proin', '2023-01-01 00:00:00', 73, 78, 51);
insert into block_history (id, action, time, comment_id, person_id, post_id) values (19, 'sem', '2023-01-01 00:00:00', 34, 58, 59);
insert into block_history (id, action, time, comment_id, person_id, post_id) values (20, 'fringilla', '2023-01-01 00:00:00', 100, 74, 60);
insert into block_history (id, action, time, comment_id, person_id, post_id) values (21, 'duis', '2023-01-01 00:00:00', 19, 51, 51);
insert into block_history (id, action, time, comment_id, person_id, post_id) values (22, 'nec', '2023-01-01 00:00:00', 34, 71, 93);
insert into block_history (id, action, time, comment_id, person_id, post_id) values (23, 'sit', '2023-01-01 00:00:00', 26, 65, 3);
insert into block_history (id, action, time, comment_id, person_id, post_id) values (24, 'suscipit', '2023-01-01 00:00:00', 98, 45, 39);
insert into block_history (id, action, time, comment_id, person_id, post_id) values (25, 'tincidunt', '2023-01-01 00:00:00', 73, 77, 10);
insert into block_history (id, action, time, comment_id, person_id, post_id) values (26, 'ridiculus', '2023-01-01 00:00:00', 72, 69, 49);
insert into block_history (id, action, time, comment_id, person_id, post_id) values (27, 'odio', '2023-01-01 00:00:00', 96, 51, 74);
insert into block_history (id, action, time, comment_id, person_id, post_id) values (28, 'vestibulum', '2023-01-01 00:00:00', 60, 47, 20);
insert into block_history (id, action, time, comment_id, person_id, post_id) values (29, 'porttitor', '2023-01-01 00:00:00', 17, 67, 86);
insert into block_history (id, action, time, comment_id, person_id, post_id) values (30, 'posuere', '2023-01-01 00:00:00', 1, 70, 90);
insert into block_history (id, action, time, comment_id, person_id, post_id) values (31, 'ipsum', '2023-01-01 00:00:00', 1, 16, 82);
insert into block_history (id, action, time, comment_id, person_id, post_id) values (32, 'posuere', '2023-01-01 00:00:00', 26, 99, 62);
insert into block_history (id, action, time, comment_id, person_id, post_id) values (33, 'at', '2023-01-01 00:00:00', 9, 76, 84);
insert into block_history (id, action, time, comment_id, person_id, post_id) values (34, 'cubilia', '2023-01-01 00:00:00', 73, 42, 64);
insert into block_history (id, action, time, comment_id, person_id, post_id) values (35, 'magnis', '2023-01-01 00:00:00', 91, 28, 23);
insert into block_history (id, action, time, comment_id, person_id, post_id) values (36, 'curae', '2023-01-01 00:00:00', 86, 9, 16);
insert into block_history (id, action, time, comment_id, person_id, post_id) values (37, 'neque', '2023-01-01 00:00:00', 13, 72, 28);
insert into block_history (id, action, time, comment_id, person_id, post_id) values (38, 'eget', '2023-01-01 00:00:00', 74, 86, 68);
insert into block_history (id, action, time, comment_id, person_id, post_id) values (39, 'massa', '2023-01-01 00:00:00', 82, 16, 91);
insert into block_history (id, action, time, comment_id, person_id, post_id) values (40, 'ut', '2023-01-01 00:00:00', 16, 95, 49);
insert into block_history (id, action, time, comment_id, person_id, post_id) values (41, 'ante', '2023-01-01 00:00:00', 60, 81, 65);
insert into block_history (id, action, time, comment_id, person_id, post_id) values (42, 'tortor', '2023-01-01 00:00:00', 35, 24, 20);
insert into block_history (id, action, time, comment_id, person_id, post_id) values (43, 'potenti', '2023-01-01 00:00:00', 76, 7, 43);
insert into block_history (id, action, time, comment_id, person_id, post_id) values (44, 'nibh', '2023-01-01 00:00:00', 29, 11, 80);
insert into block_history (id, action, time, comment_id, person_id, post_id) values (45, 'adipiscing', '2023-01-01 00:00:00', 90, 78, 31);
insert into block_history (id, action, time, comment_id, person_id, post_id) values (46, 'in', '2023-01-01 00:00:00', 20, 58, 55);
insert into block_history (id, action, time, comment_id, person_id, post_id) values (47, 'vel', '2023-01-01 00:00:00', 37, 14, 97);
insert into block_history (id, action, time, comment_id, person_id, post_id) values (48, 'sollicitudin', '2023-01-01 00:00:00', 21, 10, 32);
insert into block_history (id, action, time, comment_id, person_id, post_id) values (49, 'mauris', '2023-01-01 00:00:00', 84, 30, 64);
insert into block_history (id, action, time, comment_id, person_id, post_id) values (50, 'vel', '2023-01-01 00:00:00', 21, 97, 46);
insert into block_history (id, action, time, comment_id, person_id, post_id) values (51, 'orci', '2023-01-01 00:00:00', 9, 20, 19);
insert into block_history (id, action, time, comment_id, person_id, post_id) values (52, 'in', '2023-01-01 00:00:00', 8, 78, 94);
insert into block_history (id, action, time, comment_id, person_id, post_id) values (53, 'eu', '2023-01-01 00:00:00', 22, 50, 53);
insert into block_history (id, action, time, comment_id, person_id, post_id) values (54, 'eget', '2023-01-01 00:00:00', 22, 37, 57);
insert into block_history (id, action, time, comment_id, person_id, post_id) values (55, 'vestibulum', '2023-01-01 00:00:00', 49, 75, 95);
insert into block_history (id, action, time, comment_id, person_id, post_id) values (56, 'praesent', '2023-01-01 00:00:00', 62, 44, 27);
insert into block_history (id, action, time, comment_id, person_id, post_id) values (57, 'in', '2023-01-01 00:00:00', 17, 56, 36);
insert into block_history (id, action, time, comment_id, person_id, post_id) values (58, 'mollis', '2023-01-01 00:00:00', 49, 85, 27);
insert into block_history (id, action, time, comment_id, person_id, post_id) values (59, 'venenatis', '2023-01-01 00:00:00', 47, 93, 60);
insert into block_history (id, action, time, comment_id, person_id, post_id) values (60, 'pulvinar', '2023-01-01 00:00:00', 82, 64, 37);
insert into block_history (id, action, time, comment_id, person_id, post_id) values (61, 'nullam', '2023-01-01 00:00:00', 81, 50, 56);
insert into block_history (id, action, time, comment_id, person_id, post_id) values (62, 'eget', '2023-01-01 00:00:00', 19, 64, 25);
insert into block_history (id, action, time, comment_id, person_id, post_id) values (63, 'odio', '2023-01-01 00:00:00', 96, 37, 15);
insert into block_history (id, action, time, comment_id, person_id, post_id) values (64, 'quam', '2023-01-01 00:00:00', 74, 36, 36);
insert into block_history (id, action, time, comment_id, person_id, post_id) values (65, 'volutpat', '2023-01-01 00:00:00', 55, 97, 22);
insert into block_history (id, action, time, comment_id, person_id, post_id) values (66, 'praesent', '2023-01-01 00:00:00', 12, 98, 42);
insert into block_history (id, action, time, comment_id, person_id, post_id) values (67, 'potenti', '2023-01-01 00:00:00', 74, 74, 42);
insert into block_history (id, action, time, comment_id, person_id, post_id) values (68, 'metus', '2023-01-01 00:00:00', 56, 26, 85);
insert into block_history (id, action, time, comment_id, person_id, post_id) values (69, 'elit', '2023-01-01 00:00:00', 2, 76, 96);
insert into block_history (id, action, time, comment_id, person_id, post_id) values (70, 'volutpat', '2023-01-01 00:00:00', 2, 64, 32);
insert into block_history (id, action, time, comment_id, person_id, post_id) values (71, 'volutpat', '2023-01-01 00:00:00', 22, 93, 10);
insert into block_history (id, action, time, comment_id, person_id, post_id) values (72, 'in', '2023-01-01 00:00:00', 95, 90, 80);
insert into block_history (id, action, time, comment_id, person_id, post_id) values (73, 'eu', '2023-01-01 00:00:00', 20, 3, 10);
insert into block_history (id, action, time, comment_id, person_id, post_id) values (74, 'sapien', '2023-01-01 00:00:00', 80, 29, 5);
insert into block_history (id, action, time, comment_id, person_id, post_id) values (75, 'parturient', '2023-01-01 00:00:00', 98, 1, 86);
insert into block_history (id, action, time, comment_id, person_id, post_id) values (76, 'vivamus', '2023-01-01 00:00:00', 80, 74, 94);
insert into block_history (id, action, time, comment_id, person_id, post_id) values (77, 'justo', '2023-01-01 00:00:00', 10, 81, 89);
insert into block_history (id, action, time, comment_id, person_id, post_id) values (78, 'nibh', '2023-01-01 00:00:00', 70, 53, 1);
insert into block_history (id, action, time, comment_id, person_id, post_id) values (79, 'felis', '2023-01-01 00:00:00', 3, 54, 97);
insert into block_history (id, action, time, comment_id, person_id, post_id) values (80, 'enim', '2023-01-01 00:00:00', 67, 53, 60);
insert into block_history (id, action, time, comment_id, person_id, post_id) values (81, 'rutrum', '2023-01-01 00:00:00', 53, 59, 48);
insert into block_history (id, action, time, comment_id, person_id, post_id) values (82, 'curabitur', '2023-01-01 00:00:00', 94, 12, 22);
insert into block_history (id, action, time, comment_id, person_id, post_id) values (83, 'vestibulum', '2023-01-01 00:00:00', 68, 69, 71);
insert into block_history (id, action, time, comment_id, person_id, post_id) values (84, 'a', '2023-01-01 00:00:00', 20, 43, 11);
insert into block_history (id, action, time, comment_id, person_id, post_id) values (85, 'id', '2023-01-01 00:00:00', 99, 75, 33);
insert into block_history (id, action, time, comment_id, person_id, post_id) values (86, 'non', '2023-01-01 00:00:00', 100, 83, 30);
insert into block_history (id, action, time, comment_id, person_id, post_id) values (87, 'erat', '2023-01-01 00:00:00', 73, 55, 24);
insert into block_history (id, action, time, comment_id, person_id, post_id) values (88, 'duis', '2023-01-01 00:00:00', 3, 79, 46);
insert into block_history (id, action, time, comment_id, person_id, post_id) values (89, 'rhoncus', '2023-01-01 00:00:00', 20, 31, 75);
insert into block_history (id, action, time, comment_id, person_id, post_id) values (90, 'at', '2023-01-01 00:00:00', 18, 60, 12);
insert into block_history (id, action, time, comment_id, person_id, post_id) values (91, 'orci', '2023-01-01 00:00:00', 52, 5, 40);
insert into block_history (id, action, time, comment_id, person_id, post_id) values (92, 'et', '2023-01-01 00:00:00', 59, 16, 58);
insert into block_history (id, action, time, comment_id, person_id, post_id) values (93, 'non', '2023-01-01 00:00:00', 16, 75, 1);
insert into block_history (id, action, time, comment_id, person_id, post_id) values (94, 'nunc', '2023-01-01 00:00:00', 63, 33, 23);
insert into block_history (id, action, time, comment_id, person_id, post_id) values (95, 'nonummy', '2023-01-01 00:00:00', 88, 33, 64);
insert into block_history (id, action, time, comment_id, person_id, post_id) values (96, 'id', '2023-01-01 00:00:00', 97, 79, 60);
insert into block_history (id, action, time, comment_id, person_id, post_id) values (97, 'pellentesque', '2023-01-01 00:00:00', 36, 97, 55);
insert into block_history (id, action, time, comment_id, person_id, post_id) values (98, 'curae', '2023-01-01 00:00:00', 13, 6, 54);
insert into block_history (id, action, time, comment_id, person_id, post_id) values (99, 'natoque', '2023-01-01 00:00:00', 34, 51, 95);
insert into block_history (id, action, time, comment_id, person_id, post_id) values (100, 'donec', '2023-01-01 00:00:00', 48, 15, 48);

insert into captcha (id, code, secret_code, time) values (1, 'rust83488rare', 'luctus', '2023-01-01 00:00:00');
insert into captcha (id, code, secret_code, time) values (2, 'gets59543sums', 'aliquam', '2023-01-01 00:00:00');
insert into captcha (id, code, secret_code, time) values (3, 'gasp22551fogy', 'in', '2023-01-01 00:00:00');
insert into captcha (id, code, secret_code, time) values (4, 'stay22457poem', 'sagittis', '2023-01-01 00:00:00');
insert into captcha (id, code, secret_code, time) values (5, 'poky32972went', 'est', '2023-01-01 00:00:00');
insert into captcha (id, code, secret_code, time) values (6, 'apex26687aces', 'consequat', '2023-01-01 00:00:00');
insert into captcha (id, code, secret_code, time) values (7, 'dusk73403gout', 'pretium', '2023-01-01 00:00:00');
insert into captcha (id, code, secret_code, time) values (8, 'memo76530sirs', 'odio', '2023-01-01 00:00:00');
insert into captcha (id, code, secret_code, time) values (9, 'arks98815bout', 'adipiscing', '2023-01-01 00:00:00');
insert into captcha (id, code, secret_code, time) values (10, 'term50487fuss', 'aliquet', '2023-01-01 00:00:00');
insert into captcha (id, code, secret_code, time) values (11, 'buns98135roam', 'feugiat', '2023-01-01 00:00:00');
insert into captcha (id, code, secret_code, time) values (12, 'gala30581June', 'nulla', '2023-01-01 00:00:00');
insert into captcha (id, code, secret_code, time) values (13, 'care39270loud', 'in', '2023-01-01 00:00:00');
insert into captcha (id, code, secret_code, time) values (14, 'bail72146yoga', 'faucibus', '2023-01-01 00:00:00');
insert into captcha (id, code, secret_code, time) values (15, 'maps64880yeti', 'faucibus', '2023-01-01 00:00:00');
insert into captcha (id, code, secret_code, time) values (16, 'says74019body', 'dolor', '2023-01-01 00:00:00');
insert into captcha (id, code, secret_code, time) values (17, 'gull14732weld', 'rutrum', '2023-01-01 00:00:00');
insert into captcha (id, code, secret_code, time) values (18, 'dais09307gram', 'tempus', '2023-01-01 00:00:00');
insert into captcha (id, code, secret_code, time) values (19, 'shin22757pram', 'turpis', '2023-01-01 00:00:00');
insert into captcha (id, code, secret_code, time) values (20, 'thug29835swam', 'tristique', '2023-01-01 00:00:00');
insert into captcha (id, code, secret_code, time) values (21, 'puma17191goal', 'semper', '2023-01-01 00:00:00');
insert into captcha (id, code, secret_code, time) values (22, 'fair07216sock', 'pellentesque', '2023-01-01 00:00:00');
insert into captcha (id, code, secret_code, time) values (23, 'grin49910pout', 'nisl', '2023-01-01 00:00:00');
insert into captcha (id, code, secret_code, time) values (24, 'draw90540chew', 'fusce', '2023-01-01 00:00:00');
insert into captcha (id, code, secret_code, time) values (25, 'dock05188rigs', 'tortor', '2023-01-01 00:00:00');
insert into captcha (id, code, secret_code, time) values (26, 'then02362soft', 'mi', '2023-01-01 00:00:00');
insert into captcha (id, code, secret_code, time) values (27, 'jilt13272arks', 'posuere', '2023-01-01 00:00:00');
insert into captcha (id, code, secret_code, time) values (28, 'hats08322file', 'morbi', '2023-01-01 00:00:00');
insert into captcha (id, code, secret_code, time) values (29, 'join04387here', 'sagittis', '2023-01-01 00:00:00');
insert into captcha (id, code, secret_code, time) values (30, 'down66166lags', 'vel', '2023-01-01 00:00:00');
insert into captcha (id, code, secret_code, time) values (31, 'eyed47971twin', 'vulputate', '2023-01-01 00:00:00');
insert into captcha (id, code, secret_code, time) values (32, 'rots48225sods', 'dui', '2023-01-01 00:00:00');
insert into captcha (id, code, secret_code, time) values (33, 'cyst67782lone', 'nisl', '2023-01-01 00:00:00');
insert into captcha (id, code, secret_code, time) values (34, 'blog43361rats', 'nunc', '2023-01-01 00:00:00');
insert into captcha (id, code, secret_code, time) values (35, 'hunt36802body', 'felis', '2023-01-01 00:00:00');
insert into captcha (id, code, secret_code, time) values (36, 'tour15014smug', 'aenean', '2023-01-01 00:00:00');
insert into captcha (id, code, secret_code, time) values (37, 'hart77520heel', 'porttitor', '2023-01-01 00:00:00');
insert into captcha (id, code, secret_code, time) values (38, 'gaze01667guys', 'elit', '2023-01-01 00:00:00');
insert into captcha (id, code, secret_code, time) values (39, 'sung62089yock', 'tellus', '2023-01-01 00:00:00');
insert into captcha (id, code, secret_code, time) values (40, 'saga94521load', 'nam', '2023-01-01 00:00:00');
insert into captcha (id, code, secret_code, time) values (41, 'trot34674suit', 'congue', '2023-01-01 00:00:00');
insert into captcha (id, code, secret_code, time) values (42, 'sins38876aria', 'ut', '2023-01-01 00:00:00');
insert into captcha (id, code, secret_code, time) values (43, 'aced26418he''s', 'felis', '2023-01-01 00:00:00');
insert into captcha (id, code, secret_code, time) values (44, 'grab26978came', 'lorem', '2023-01-01 00:00:00');
insert into captcha (id, code, secret_code, time) values (45, 'yaks89335hewn', 'curabitur', '2023-01-01 00:00:00');
insert into captcha (id, code, secret_code, time) values (46, 'mate94149lath', 'commodo', '2023-01-01 00:00:00');
insert into captcha (id, code, secret_code, time) values (47, 'foci68385neck', 'massa', '2023-01-01 00:00:00');
insert into captcha (id, code, secret_code, time) values (48, 'hind22677Mr''s', 'odio', '2023-01-01 00:00:00');
insert into captcha (id, code, secret_code, time) values (49, 'ox''s79934ruin', 'lectus', '2023-01-01 00:00:00');
insert into captcha (id, code, secret_code, time) values (50, 'bode01788lags', 'luctus', '2023-01-01 00:00:00');
insert into captcha (id, code, secret_code, time) values (51, 'peas14408folk', 'vestibulum', '2023-01-01 00:00:00');
insert into captcha (id, code, secret_code, time) values (52, 'pins56680pram', 'lectus', '2023-01-01 00:00:00');
insert into captcha (id, code, secret_code, time) values (53, 'ones74049gems', 'hac', '2023-01-01 00:00:00');
insert into captcha (id, code, secret_code, time) values (54, 'yeti93857pear', 'molestie', '2023-01-01 00:00:00');
insert into captcha (id, code, secret_code, time) values (55, 'nick39117laps', 'tortor', '2023-01-01 00:00:00');
insert into captcha (id, code, secret_code, time) values (56, 'goad24036cots', 'convallis', '2023-01-01 00:00:00');
insert into captcha (id, code, secret_code, time) values (57, 'pail63871nick', 'in', '2023-01-01 00:00:00');
insert into captcha (id, code, secret_code, time) values (58, 'daub04481case', 'sapien', '2023-01-01 00:00:00');
insert into captcha (id, code, secret_code, time) values (59, 'dine98951hugs', 'praesent', '2023-01-01 00:00:00');
insert into captcha (id, code, secret_code, time) values (60, 'dike07097calk', 'suspendisse', '2023-01-01 00:00:00');
insert into captcha (id, code, secret_code, time) values (61, 'chew21967dust', 'consectetuer', '2023-01-01 00:00:00');
insert into captcha (id, code, secret_code, time) values (62, 'pi''s62438trot', 'vestibulum', '2023-01-01 00:00:00');
insert into captcha (id, code, secret_code, time) values (63, 'wall26008writ', 'nisl', '2023-01-01 00:00:00');
insert into captcha (id, code, secret_code, time) values (64, 'rind72077pi''s', 'vestibulum', '2023-01-01 00:00:00');
insert into captcha (id, code, secret_code, time) values (65, 'rums47813duck', 'a', '2023-01-01 00:00:00');
insert into captcha (id, code, secret_code, time) values (66, 'toed94222hams', 'cras', '2023-01-01 00:00:00');
insert into captcha (id, code, secret_code, time) values (67, 'line81012mend', 'sem', '2023-01-01 00:00:00');
insert into captcha (id, code, secret_code, time) values (68, 'head83915tong', 'sed', '2023-01-01 00:00:00');
insert into captcha (id, code, secret_code, time) values (69, 'paid67393wool', 'in', '2023-01-01 00:00:00');
insert into captcha (id, code, secret_code, time) values (70, 'spar06683pare', 'dictumst', '2023-01-01 00:00:00');
insert into captcha (id, code, secret_code, time) values (71, 'aped48686ribs', 'pede', '2023-01-01 00:00:00');
insert into captcha (id, code, secret_code, time) values (72, 'spot93326part', 'malesuada', '2023-01-01 00:00:00');
insert into captcha (id, code, secret_code, time) values (73, 'tiff74289idle', 'in', '2023-01-01 00:00:00');
insert into captcha (id, code, secret_code, time) values (74, 'dash35140furl', 'bibendum', '2023-01-01 00:00:00');
insert into captcha (id, code, secret_code, time) values (75, 'in''s17962hurt', 'accumsan', '2023-01-01 00:00:00');
insert into captcha (id, code, secret_code, time) values (76, 'shoe22561tost', 'ut', '2023-01-01 00:00:00');
insert into captcha (id, code, secret_code, time) values (77, 'subs00424slim', 'in', '2023-01-01 00:00:00');
insert into captcha (id, code, secret_code, time) values (78, 'reed41341ogre', 'sagittis', '2023-01-01 00:00:00');
insert into captcha (id, code, secret_code, time) values (79, 'mate51503irks', 'sagittis', '2023-01-01 00:00:00');
insert into captcha (id, code, secret_code, time) values (80, 'avid00496lady', 'congue', '2023-01-01 00:00:00');
insert into captcha (id, code, secret_code, time) values (81, 'solo85209hats', 'varius', '2023-01-01 00:00:00');
insert into captcha (id, code, secret_code, time) values (82, 'TV''s35043wags', 'commodo', '2023-01-01 00:00:00');
insert into captcha (id, code, secret_code, time) values (83, 'suns85629take', 'luctus', '2023-01-01 00:00:00');
insert into captcha (id, code, secret_code, time) values (84, 'fray61076spat', 'rhoncus', '2023-01-01 00:00:00');
insert into captcha (id, code, secret_code, time) values (85, 'rims85982beam', 'luctus', '2023-01-01 00:00:00');
insert into captcha (id, code, secret_code, time) values (86, 'bald34097then', 'lobortis', '2023-01-01 00:00:00');
insert into captcha (id, code, secret_code, time) values (87, 'mads09550zone', 'mauris', '2023-01-01 00:00:00');
insert into captcha (id, code, secret_code, time) values (88, 'boss86203flap', 'ultrices', '2023-01-01 00:00:00');
insert into captcha (id, code, secret_code, time) values (89, 'cubs92175whip', 'nec', '2023-01-01 00:00:00');
insert into captcha (id, code, secret_code, time) values (90, 'feed02418pull', 'cras', '2023-01-01 00:00:00');
insert into captcha (id, code, secret_code, time) values (91, 'wilt41940Nazi', 'non', '2023-01-01 00:00:00');
insert into captcha (id, code, secret_code, time) values (92, 'grin84410sums', 'justo', '2023-01-01 00:00:00');
insert into captcha (id, code, secret_code, time) values (93, 'imps67280teem', 'mauris', '2023-01-01 00:00:00');
insert into captcha (id, code, secret_code, time) values (94, 'skip21677pink', 'erat', '2023-01-01 00:00:00');
insert into captcha (id, code, secret_code, time) values (95, 'tars25682café', 'mollis', '2023-01-01 00:00:00');
insert into captcha (id, code, secret_code, time) values (96, 'afar90304so''s', 'vestibulum', '2023-01-01 00:00:00');
insert into captcha (id, code, secret_code, time) values (97, 'tuna69038burn', 'quisque', '2023-01-01 00:00:00');
insert into captcha (id, code, secret_code, time) values (98, 'halt82170beam', 'vestibulum', '2023-01-01 00:00:00');
insert into captcha (id, code, secret_code, time) values (99, 'mean24556bits', 'tempus', '2023-01-01 00:00:00');
insert into captcha (id, code, secret_code, time) values (100, 'pens71410dots', 'odio', '2023-01-01 00:00:00');

insert into countries (id, name, full_name, internationalname, code2) values (1, 'Indonesia', 'Juliann Orrobin', 'lacus morbi', 'qwk784');
insert into countries (id, name, full_name, internationalname, code2) values (2, 'Indonesia', 'Templeton Gencke', 'libero nullam', 'okk215');
insert into countries (id, name, full_name, internationalname, code2) values (3, 'China', 'Darn Feather', 'ipsum primis in', 'xik413');
insert into countries (id, name, full_name, internationalname, code2) values (4, 'Costa Rica', 'Bryant Treadger', 'elementum', 'sdz854');
insert into countries (id, name, full_name, internationalname, code2) values (5, 'Sweden', 'Elset Crosthwaite', 'varius nulla facilisi', 'pyc090');
insert into countries (id, name, full_name, internationalname, code2) values (6, 'France', 'Jose Dilger', 'at', 'fci671');
insert into countries (id, name, full_name, internationalname, code2) values (7, 'Indonesia', 'Jasper Sproat', 'est', 'gpf050');
insert into countries (id, name, full_name, internationalname, code2) values (8, 'China', 'Sarene Inold', 'in', 'zcq232');
insert into countries (id, name, full_name, internationalname, code2) values (9, 'Cambodia', 'Sissy Cato', 'cubilia', 'zbw284');
insert into countries (id, name, full_name, internationalname, code2) values (10, 'China', 'Lindsay MacDuff', 'felis', 'gqk964');
insert into countries (id, name, full_name, internationalname, code2) values (11, 'Indonesia', 'Sergio Moorman', 'lectus', 'iwm633');
insert into countries (id, name, full_name, internationalname, code2) values (12, 'Sweden', 'Rosene Cleal', 'dui', 'vdr523');
insert into countries (id, name, full_name, internationalname, code2) values (13, 'China', 'Charlie Byass', 'enim', 'luj744');
insert into countries (id, name, full_name, internationalname, code2) values (14, 'China', 'Giordano Verrico', 'neque sapien', 'asi185');
insert into countries (id, name, full_name, internationalname, code2) values (15, 'Indonesia', 'Cesya Bilbery', 'ligula vehicula consequat', 'nhf673');
insert into countries (id, name, full_name, internationalname, code2) values (16, 'Kosovo', 'Ethelyn Doerrling', 'turpis sed', 'spg228');
insert into countries (id, name, full_name, internationalname, code2) values (17, 'Portugal', 'Hagen Probey', 'dui', 'img547');
insert into countries (id, name, full_name, internationalname, code2) values (18, 'Albania', 'Carin Deelay', 'libero quis', 'pdr063');
insert into countries (id, name, full_name, internationalname, code2) values (19, 'Philippines', 'Celestine Carville', 'volutpat in', 'tzn523');
insert into countries (id, name, full_name, internationalname, code2) values (20, 'Andorra', 'Iolanthe Sussex', 'fusce posuere', 'wtj443');
insert into countries (id, name, full_name, internationalname, code2) values (21, 'Ecuador', 'Emelina Crammy', 'non velit nec', 'uuv324');
insert into countries (id, name, full_name, internationalname, code2) values (22, 'Indonesia', 'Clementina Avann', 'et eros vestibulum', 'nca708');
insert into countries (id, name, full_name, internationalname, code2) values (23, 'Micronesia', 'Nevil Norbury', 'sit amet nunc', 'dsz914');
insert into countries (id, name, full_name, internationalname, code2) values (24, 'China', 'Riley Peatt', 'lorem integer tincidunt', 'rma286');
insert into countries (id, name, full_name, internationalname, code2) values (25, 'China', 'Lavinie Daintier', 'nisi venenatis', 'obz233');
insert into countries (id, name, full_name, internationalname, code2) values (26, 'China', 'Hort Skokoe', 'rutrum rutrum neque', 'ixh897');
insert into countries (id, name, full_name, internationalname, code2) values (27, 'Croatia', 'Helyn Minghella', 'suspendisse potenti cras', 'uqc807');
insert into countries (id, name, full_name, internationalname, code2) values (28, 'China', 'Desdemona Meggison', 'pretium', 'bqm567');
insert into countries (id, name, full_name, internationalname, code2) values (29, 'Azerbaijan', 'Emylee Meconi', 'est phasellus sit', 'uvg819');
insert into countries (id, name, full_name, internationalname, code2) values (30, 'United States', 'Olva Sneddon', 'amet sapien dignissim', 'yza615');
insert into countries (id, name, full_name, internationalname, code2) values (31, 'Turkmenistan', 'Danny Huxham', 'ipsum primis', 'tll006');
insert into countries (id, name, full_name, internationalname, code2) values (32, 'Argentina', 'Bibbye Benck', 'libero quis', 'ame696');
insert into countries (id, name, full_name, internationalname, code2) values (33, 'Indonesia', 'Angelina Pervoe', 'placerat praesent blandit', 'oza564');
insert into countries (id, name, full_name, internationalname, code2) values (34, 'Indonesia', 'Devon Fortnum', 'quisque porta volutpat', 'euq997');
insert into countries (id, name, full_name, internationalname, code2) values (35, 'United States', 'Yoko Woolf', 'non', 'jtf458');
insert into countries (id, name, full_name, internationalname, code2) values (36, 'China', 'Juliette Hirche', 'augue', 'pky849');
insert into countries (id, name, full_name, internationalname, code2) values (37, 'Indonesia', 'Sonni Di Giorgio', 'tincidunt nulla', 'tjj859');
insert into countries (id, name, full_name, internationalname, code2) values (38, 'Greece', 'Emilie Fabb', 'quam pede', 'hui299');
insert into countries (id, name, full_name, internationalname, code2) values (39, 'Niger', 'Bree Faughnan', 'hac habitasse', 'xhn912');
insert into countries (id, name, full_name, internationalname, code2) values (40, 'Vietnam', 'Dorise Greveson', 'id pretium', 'soo371');
insert into countries (id, name, full_name, internationalname, code2) values (41, 'France', 'Daphne Adamo', 'eu interdum', 'cmf626');
insert into countries (id, name, full_name, internationalname, code2) values (42, 'China', 'Ludwig McHugh', 'augue luctus', 'jtb657');
insert into countries (id, name, full_name, internationalname, code2) values (43, 'Iran', 'Onfre Overall', 'ante nulla', 'zli060');
insert into countries (id, name, full_name, internationalname, code2) values (44, 'Thailand', 'Pinchas Cronchey', 'ligula suspendisse ornare', 'uqo534');
insert into countries (id, name, full_name, internationalname, code2) values (45, 'Russia', 'Raimondo Player', 'mauris laoreet', 'emv289');
insert into countries (id, name, full_name, internationalname, code2) values (46, 'Albania', 'Donetta Humes', 'sapien iaculis congue', 'ddr876');
insert into countries (id, name, full_name, internationalname, code2) values (47, 'Philippines', 'Sandy Rawson', 'cursus urna', 'gsf974');
insert into countries (id, name, full_name, internationalname, code2) values (48, 'Czech Republic', 'Clair Measures', 'vestibulum sed', 'mcn456');
insert into countries (id, name, full_name, internationalname, code2) values (49, 'United States', 'Winfield McGruar', 'nec dui luctus', 'ywu824');
insert into countries (id, name, full_name, internationalname, code2) values (50, 'Brazil', 'Frank Moorcraft', 'eu', 'als552');
insert into countries (id, name, full_name, internationalname, code2) values (51, 'China', 'Sheila Browell', 'suspendisse', 'zwz183');
insert into countries (id, name, full_name, internationalname, code2) values (52, 'Nigeria', 'Dix Smuth', 'mauris non ligula', 'nfu615');
insert into countries (id, name, full_name, internationalname, code2) values (53, 'Thailand', 'Aime Dacke', 'fusce consequat nulla', 'bax144');
insert into countries (id, name, full_name, internationalname, code2) values (54, 'United Kingdom', 'Brynna Elkins', 'felis donec', 'qcq168');
insert into countries (id, name, full_name, internationalname, code2) values (55, 'Nigeria', 'Lesli Chasney', 'morbi', 'wsn494');
insert into countries (id, name, full_name, internationalname, code2) values (56, 'United States', 'Stefan Stilldale', 'vestibulum velit', 'hpx664');
insert into countries (id, name, full_name, internationalname, code2) values (57, 'China', 'Bertha Brixey', 'magna vestibulum', 'nwn640');
insert into countries (id, name, full_name, internationalname, code2) values (58, 'Canada', 'Alyosha Frantzeni', 'lacinia', 'gmq802');
insert into countries (id, name, full_name, internationalname, code2) values (59, 'Armenia', 'Olympie Malpas', 'est', 'tzc242');
insert into countries (id, name, full_name, internationalname, code2) values (60, 'China', 'Kareem Cockle', 'pellentesque', 'low633');
insert into countries (id, name, full_name, internationalname, code2) values (61, 'Croatia', 'Kyrstin Wingatt', 'convallis nunc', 'muw462');
insert into countries (id, name, full_name, internationalname, code2) values (62, 'Peru', 'Algernon Rettie', 'rhoncus aliquam lacus', 'qvi244');
insert into countries (id, name, full_name, internationalname, code2) values (63, 'Japan', 'Penrod Barlee', 'faucibus orci', 'gnq233');
insert into countries (id, name, full_name, internationalname, code2) values (64, 'Portugal', 'Fenelia Izakson', 'sodales sed tincidunt', 'fri335');
insert into countries (id, name, full_name, internationalname, code2) values (65, 'China', 'Paten Roglieri', 'porta volutpat quam', 'ync407');
insert into countries (id, name, full_name, internationalname, code2) values (66, 'Guatemala', 'Emmye Brugger', 'tortor', 'xyy304');
insert into countries (id, name, full_name, internationalname, code2) values (67, 'Mexico', 'Yetta Aspey', 'ac nibh', 'xdw233');
insert into countries (id, name, full_name, internationalname, code2) values (68, 'Honduras', 'Bernetta Facey', 'bibendum morbi', 'ioj284');
insert into countries (id, name, full_name, internationalname, code2) values (69, 'China', 'Henderson Toovey', 'in tempus', 'vov182');
insert into countries (id, name, full_name, internationalname, code2) values (70, 'China', 'Trudy Beswetherick', 'amet diam in', 'rxi695');
insert into countries (id, name, full_name, internationalname, code2) values (71, 'Croatia', 'Gregoor Digg', 'eleifend', 'poo596');
insert into countries (id, name, full_name, internationalname, code2) values (72, 'Poland', 'Channa Marrows', 'ac tellus', 'dyu513');
insert into countries (id, name, full_name, internationalname, code2) values (73, 'Czech Republic', 'Hortensia Fuller', 'eros', 'sbo432');
insert into countries (id, name, full_name, internationalname, code2) values (74, 'Madagascar', 'Ravid Herity', 'maecenas tincidunt', 'ggm359');
insert into countries (id, name, full_name, internationalname, code2) values (75, 'Bangladesh', 'Lammond Kivlehan', 'sit', 'wbg938');
insert into countries (id, name, full_name, internationalname, code2) values (76, 'Philippines', 'Abram Hicken', 'in eleifend', 'hab591');
insert into countries (id, name, full_name, internationalname, code2) values (77, 'China', 'Cyrille Pease', 'lobortis vel dapibus', 'ueb849');
insert into countries (id, name, full_name, internationalname, code2) values (78, 'South Africa', 'Uriah Thunderman', 'scelerisque quam', 'nbe604');
insert into countries (id, name, full_name, internationalname, code2) values (79, 'Burkina Faso', 'Kevina Bayldon', 'magna vulputate luctus', 'lez929');
insert into countries (id, name, full_name, internationalname, code2) values (80, 'Poland', 'Nerty MacEntee', 'eget', 'nlv523');
insert into countries (id, name, full_name, internationalname, code2) values (81, 'Ecuador', 'Pia Scholler', 'mus etiam vel', 'xvw956');
insert into countries (id, name, full_name, internationalname, code2) values (82, 'Czech Republic', 'Maxie Ibotson', 'vestibulum sed', 'ydk630');
insert into countries (id, name, full_name, internationalname, code2) values (83, 'Armenia', 'Verina McMylor', 'mi', 'ufq129');
insert into countries (id, name, full_name, internationalname, code2) values (84, 'Lithuania', 'Georas Pritty', 'lacus curabitur', 'qtw300');
insert into countries (id, name, full_name, internationalname, code2) values (85, 'Honduras', 'Christye Patis', 'etiam faucibus cursus', 'ezb253');
insert into countries (id, name, full_name, internationalname, code2) values (86, 'Russia', 'Chic Bladon', 'metus', 'abg973');
insert into countries (id, name, full_name, internationalname, code2) values (87, 'Indonesia', 'Deanne Cullingworth', 'ante ipsum primis', 'zzq009');
insert into countries (id, name, full_name, internationalname, code2) values (88, 'Armenia', 'Andy Bowell', 'sed nisl', 'kcb332');
insert into countries (id, name, full_name, internationalname, code2) values (89, 'Indonesia', 'Alexi Grugerr', 'mauris non ligula', 'zxu986');
insert into countries (id, name, full_name, internationalname, code2) values (90, 'Russia', 'Dahlia Hosby', 'habitasse platea', 'xrw785');
insert into countries (id, name, full_name, internationalname, code2) values (91, 'Philippines', 'Francene Garth', 'convallis duis consequat', 'vbj373');
insert into countries (id, name, full_name, internationalname, code2) values (92, 'Vietnam', 'Clarette Bartlomieczak', 'praesent lectus', 'ufx188');
insert into countries (id, name, full_name, internationalname, code2) values (93, 'China', 'Ewell Le Batteur', 'nulla', 'acg987');
insert into countries (id, name, full_name, internationalname, code2) values (94, 'China', 'Willie Ceresa', 'ante', 'nql553');
insert into countries (id, name, full_name, internationalname, code2) values (95, 'Morocco', 'Ryley Cockburn', 'mattis', 'fbr562');
insert into countries (id, name, full_name, internationalname, code2) values (96, 'China', 'Kristal Van Schafflaer', 'tempus vivamus', 'mqp898');
insert into countries (id, name, full_name, internationalname, code2) values (97, 'Argentina', 'Magdaia Gilling', 'iaculis congue vivamus', 'llb155');
insert into countries (id, name, full_name, internationalname, code2) values (98, 'Argentina', 'Ronica Duchesne', 'ante nulla justo', 'lgh519');
insert into countries (id, name, full_name, internationalname, code2) values (99, 'Poland', 'Allene Tiner', 'convallis morbi odio', 'wos147');
insert into countries (id, name, full_name, internationalname, code2) values (100, 'Portugal', 'Feodor Dawkes', 'nonummy maecenas', 'iog379');

insert into cities (id, name, gismeteo_id, country_id, district, sub_district) values (1, 'Peña Blanca', 14, 72, 'Farmco', 'cum');
insert into cities (id, name, gismeteo_id, country_id, district, sub_district) values (2, '‘Eilabun', 62, 4, 'Orin', 'purus');
insert into cities (id, name, gismeteo_id, country_id, district, sub_district) values (3, 'Oji River', 90, 8, 'Mccormick', 'mauris');
insert into cities (id, name, gismeteo_id, country_id, district, sub_district) values (4, 'Kamru', 100, 36, 'Hooker', 'sapien');
insert into cities (id, name, gismeteo_id, country_id, district, sub_district) values (5, 'Telaga', 52, 69, 'Starling', 'lorem');
insert into cities (id, name, gismeteo_id, country_id, district, sub_district) values (6, 'Harstad', 40, 10, 'Coolidge', 'sed');
insert into cities (id, name, gismeteo_id, country_id, district, sub_district) values (7, 'Braunschweig', 68, 47, 'Farwell', 'lacus');
insert into cities (id, name, gismeteo_id, country_id, district, sub_district) values (8, 'Rennes', 15, 47, 'Montana', 'nulla');
insert into cities (id, name, gismeteo_id, country_id, district, sub_district) values (9, 'Sila', 25, 34, 'Holy Cross', 'neque');
insert into cities (id, name, gismeteo_id, country_id, district, sub_district) values (10, 'Haebaru', 10, 16, 'Saint Paul', 'nascetur');
insert into cities (id, name, gismeteo_id, country_id, district, sub_district) values (11, 'Ladoang', 84, 10, 'Old Shore', 'at');
insert into cities (id, name, gismeteo_id, country_id, district, sub_district) values (12, 'Xarardheere', 29, 65, 'Caliangt', 'magnis');
insert into cities (id, name, gismeteo_id, country_id, district, sub_district) values (13, 'Jadho', 78, 14, 'Dovetail', 'ligula');
insert into cities (id, name, gismeteo_id, country_id, district, sub_district) values (14, 'La Romana', 16, 25, 'Norway Maple', 'ut');
insert into cities (id, name, gismeteo_id, country_id, district, sub_district) values (15, 'Anderstorp', 37, 36, 'Cardinal', 'congue');
insert into cities (id, name, gismeteo_id, country_id, district, sub_district) values (16, 'Chinch''ŏn', 89, 72, 'Everett', 'cras');
insert into cities (id, name, gismeteo_id, country_id, district, sub_district) values (17, 'Biscoitos', 75, 20, 'Ronald Regan', 'est');
insert into cities (id, name, gismeteo_id, country_id, district, sub_district) values (18, 'Valencia', 27, 45, 'Warbler', 'interdum');
insert into cities (id, name, gismeteo_id, country_id, district, sub_district) values (19, 'Bozhou', 33, 22, 'Buhler', 'sapien');
insert into cities (id, name, gismeteo_id, country_id, district, sub_district) values (20, 'Valerianovsk', 31, 9, 'Bay', 'nulla');
insert into cities (id, name, gismeteo_id, country_id, district, sub_district) values (21, 'Zhengguo', 13, 92, 'Anzinger', 'nibh');
insert into cities (id, name, gismeteo_id, country_id, district, sub_district) values (22, 'Rayevskiy', 34, 60, 'Brentwood', 'odio');
insert into cities (id, name, gismeteo_id, country_id, district, sub_district) values (23, 'Qinā', 91, 38, 'Loftsgordon', 'amet');
insert into cities (id, name, gismeteo_id, country_id, district, sub_district) values (24, 'Gereneng', 100, 35, 'Monica', 'vivamus');
insert into cities (id, name, gismeteo_id, country_id, district, sub_district) values (25, 'Patenongan', 92, 76, 'Milwaukee', 'in');
insert into cities (id, name, gismeteo_id, country_id, district, sub_district) values (26, 'Planeta Rica', 58, 33, 'Lyons', 'praesent');
insert into cities (id, name, gismeteo_id, country_id, district, sub_district) values (27, 'Beigucheng', 23, 26, 'Clyde Gallagher', 'dolor');
insert into cities (id, name, gismeteo_id, country_id, district, sub_district) values (28, 'Ōkawa', 48, 81, 'Milwaukee', 'nulla');
insert into cities (id, name, gismeteo_id, country_id, district, sub_district) values (29, 'Nora', 44, 76, 'Sloan', 'turpis');
insert into cities (id, name, gismeteo_id, country_id, district, sub_district) values (30, 'Cullhuas', 99, 89, 'Morningstar', 'massa');
insert into cities (id, name, gismeteo_id, country_id, district, sub_district) values (31, 'Tazarine', 94, 94, 'Chinook', 'a');
insert into cities (id, name, gismeteo_id, country_id, district, sub_district) values (32, 'Xaçmaz', 4, 56, 'Rowland', 'turpis');
insert into cities (id, name, gismeteo_id, country_id, district, sub_district) values (33, 'Negotin', 28, 53, 'Del Sol', 'phasellus');
insert into cities (id, name, gismeteo_id, country_id, district, sub_district) values (34, 'Khasavyurt', 79, 77, 'Manufacturers', 'vel');
insert into cities (id, name, gismeteo_id, country_id, district, sub_district) values (35, 'Fria', 37, 36, 'Forest Dale', 'morbi');
insert into cities (id, name, gismeteo_id, country_id, district, sub_district) values (36, 'Njurunda', 88, 57, 'Kenwood', 'suspendisse');
insert into cities (id, name, gismeteo_id, country_id, district, sub_district) values (37, 'Duobagou', 7, 11, 'Miller', 'integer');
insert into cities (id, name, gismeteo_id, country_id, district, sub_district) values (38, 'Martin', 19, 13, 'Gerald', 'sem');
insert into cities (id, name, gismeteo_id, country_id, district, sub_district) values (39, 'Liloan', 50, 79, 'Maywood', 'ut');
insert into cities (id, name, gismeteo_id, country_id, district, sub_district) values (40, 'Kastornoye', 48, 24, 'Lien', 'sollicitudin');
insert into cities (id, name, gismeteo_id, country_id, district, sub_district) values (41, 'Agía Paraskeví', 67, 47, 'Forest Dale', 'ultrices');
insert into cities (id, name, gismeteo_id, country_id, district, sub_district) values (42, 'Vidyayevo', 58, 18, 'Goodland', 'dolor');
insert into cities (id, name, gismeteo_id, country_id, district, sub_district) values (43, 'Yola', 6, 49, 'Morrow', 'nulla');
insert into cities (id, name, gismeteo_id, country_id, district, sub_district) values (44, 'Gaide', 79, 7, 'Kinsman', 'in');
insert into cities (id, name, gismeteo_id, country_id, district, sub_district) values (45, 'Boavista', 35, 19, 'Welch', 'ultrices');
insert into cities (id, name, gismeteo_id, country_id, district, sub_district) values (46, 'Namerikawa', 63, 58, 'Clyde Gallagher', 'sapien');
insert into cities (id, name, gismeteo_id, country_id, district, sub_district) values (47, 'Youwei', 65, 21, 'Nevada', 'nibh');
insert into cities (id, name, gismeteo_id, country_id, district, sub_district) values (48, 'Toukh', 58, 30, 'Hagan', 'eleifend');
insert into cities (id, name, gismeteo_id, country_id, district, sub_district) values (49, 'Tiouli', 67, 69, 'Mallory', 'suspendisse');
insert into cities (id, name, gismeteo_id, country_id, district, sub_district) values (50, 'Cherbourg-Octeville', 6, 97, 'Columbus', 'cras');
insert into cities (id, name, gismeteo_id, country_id, district, sub_district) values (51, 'Johor Bahru', 45, 10, 'Thompson', 'sit');
insert into cities (id, name, gismeteo_id, country_id, district, sub_district) values (52, 'Rawaglagah', 18, 48, 'Carioca', 'id');
insert into cities (id, name, gismeteo_id, country_id, district, sub_district) values (53, 'MacArthur', 90, 38, 'Arrowood', 'curabitur');
insert into cities (id, name, gismeteo_id, country_id, district, sub_district) values (54, 'Aiguo', 65, 85, 'Redwing', 'eleifend');
insert into cities (id, name, gismeteo_id, country_id, district, sub_district) values (55, 'Tsuruga', 85, 86, 'Ramsey', 'at');
insert into cities (id, name, gismeteo_id, country_id, district, sub_district) values (56, 'Quebo', 31, 18, 'Rigney', 'leo');
insert into cities (id, name, gismeteo_id, country_id, district, sub_district) values (57, 'Shumerlya', 63, 70, 'Sutteridge', 'arcu');
insert into cities (id, name, gismeteo_id, country_id, district, sub_district) values (58, 'Tulle', 31, 78, 'Schurz', 'tempus');
insert into cities (id, name, gismeteo_id, country_id, district, sub_district) values (59, 'Wudan', 54, 18, 'Vera', 'praesent');
insert into cities (id, name, gismeteo_id, country_id, district, sub_district) values (60, 'Long Loreh', 69, 94, 'Butternut', 'odio');
insert into cities (id, name, gismeteo_id, country_id, district, sub_district) values (61, 'Xiagang', 5, 92, 'Hoffman', 'porta');
insert into cities (id, name, gismeteo_id, country_id, district, sub_district) values (62, 'Sapernoye', 14, 99, 'Fuller', 'maecenas');
insert into cities (id, name, gismeteo_id, country_id, district, sub_district) values (63, 'Mashan', 6, 30, 'Butterfield', 'egestas');
insert into cities (id, name, gismeteo_id, country_id, district, sub_district) values (64, 'Altan Emel', 43, 26, 'Lakewood', 'platea');
insert into cities (id, name, gismeteo_id, country_id, district, sub_district) values (65, 'Lechinkay', 27, 2, 'Sachtjen', 'etiam');
insert into cities (id, name, gismeteo_id, country_id, district, sub_district) values (66, 'Hukeng', 57, 59, 'Park Meadow', 'eget');
insert into cities (id, name, gismeteo_id, country_id, district, sub_district) values (67, 'Pointe Michel', 26, 34, 'Melvin', 'in');
insert into cities (id, name, gismeteo_id, country_id, district, sub_district) values (68, 'Hato Mayor del Rey', 97, 75, 'Butternut', 'erat');
insert into cities (id, name, gismeteo_id, country_id, district, sub_district) values (69, 'Krajan', 58, 65, 'Armistice', 'sem');
insert into cities (id, name, gismeteo_id, country_id, district, sub_district) values (70, 'Daoqiao', 79, 98, 'Paget', 'nullam');
insert into cities (id, name, gismeteo_id, country_id, district, sub_district) values (71, 'Beddeng', 65, 80, 'Grayhawk', 'aenean');
insert into cities (id, name, gismeteo_id, country_id, district, sub_district) values (72, 'Simpang', 30, 74, 'Sheridan', 'consequat');
insert into cities (id, name, gismeteo_id, country_id, district, sub_district) values (73, 'København', 31, 2, 'Kensington', 'aenean');
insert into cities (id, name, gismeteo_id, country_id, district, sub_district) values (74, 'Clearwater', 10, 13, 'Sugar', 'donec');
insert into cities (id, name, gismeteo_id, country_id, district, sub_district) values (75, 'Wuqishan', 77, 63, 'Oneill', 'scelerisque');
insert into cities (id, name, gismeteo_id, country_id, district, sub_district) values (76, 'Conchal', 7, 93, 'Corscot', 'dictumst');
insert into cities (id, name, gismeteo_id, country_id, district, sub_district) values (77, 'Koronowo', 81, 45, 'Fuller', 'vestibulum');
insert into cities (id, name, gismeteo_id, country_id, district, sub_district) values (78, 'Lidingö', 8, 43, 'Carioca', 'posuere');
insert into cities (id, name, gismeteo_id, country_id, district, sub_district) values (79, 'Futaleufú', 61, 90, 'Sage', 'fermentum');
insert into cities (id, name, gismeteo_id, country_id, district, sub_district) values (80, 'Sasebo', 72, 8, 'Carey', 'nisl');
insert into cities (id, name, gismeteo_id, country_id, district, sub_district) values (81, 'Tuchola', 18, 39, 'Tennyson', 'at');
insert into cities (id, name, gismeteo_id, country_id, district, sub_district) values (82, 'Suya', 61, 89, 'Golf', 'lorem');
insert into cities (id, name, gismeteo_id, country_id, district, sub_district) values (83, 'Fresno', 53, 14, 'Moland', 'sem');
insert into cities (id, name, gismeteo_id, country_id, district, sub_district) values (84, 'Río', 69, 56, 'Knutson', 'ante');
insert into cities (id, name, gismeteo_id, country_id, district, sub_district) values (85, 'Viljakkala', 19, 22, 'Express', 'in');
insert into cities (id, name, gismeteo_id, country_id, district, sub_district) values (86, 'Dagur', 44, 38, 'Magdeline', 'ipsum');
insert into cities (id, name, gismeteo_id, country_id, district, sub_district) values (87, 'Hengtang', 8, 59, 'Kedzie', 'in');
insert into cities (id, name, gismeteo_id, country_id, district, sub_district) values (88, 'Lugui', 42, 27, 'Moulton', 'massa');
insert into cities (id, name, gismeteo_id, country_id, district, sub_district) values (89, 'Huntington', 6, 66, 'Grasskamp', 'vitae');
insert into cities (id, name, gismeteo_id, country_id, district, sub_district) values (90, 'Xugu', 3, 20, 'Jay', 'vivamus');
insert into cities (id, name, gismeteo_id, country_id, district, sub_district) values (91, 'Autun', 15, 92, 'Prairieview', 'mi');
insert into cities (id, name, gismeteo_id, country_id, district, sub_district) values (92, 'Martinlongo', 29, 3, 'Sunnyside', 'morbi');
insert into cities (id, name, gismeteo_id, country_id, district, sub_district) values (93, 'Petřvald', 88, 46, 'Corben', 'malesuada');
insert into cities (id, name, gismeteo_id, country_id, district, sub_district) values (94, 'Gojō', 77, 70, 'Harbort', 'rhoncus');
insert into cities (id, name, gismeteo_id, country_id, district, sub_district) values (95, 'Zevgolateió', 53, 14, 'Sachs', 'augue');
insert into cities (id, name, gismeteo_id, country_id, district, sub_district) values (96, 'Coronel', 23, 55, 'Memorial', 'non');
insert into cities (id, name, gismeteo_id, country_id, district, sub_district) values (97, 'Orosh', 3, 100, 'Kipling', 'ut');
insert into cities (id, name, gismeteo_id, country_id, district, sub_district) values (98, 'Luleå', 35, 21, 'Northwestern', 'nulla');
insert into cities (id, name, gismeteo_id, country_id, district, sub_district) values (99, 'Coratatal', 39, 91, 'Onsgard', 'ut');
insert into cities (id, name, gismeteo_id, country_id, district, sub_district) values (100, 'Lexington', 88, 47, 'Summit', 'ultrices');